UserID,EmployerNumber,CreationDate,Username,Password,Level,Active
1,526370,2016-02-06 00:00:00.0000000,"qrobinson","&o3JGvk*wk",2,True
2,112645,2011-12-30 00:00:00.0000000,"david44","R4D9MWcr_8",1,True
3,603270,2015-12-17 00:00:00.0000000,"coxbrittany","7#Fy4HWd5B",4,True
4,855535,2016-01-22 00:00:00.0000000,"diazjessica",")6yprRqqFq",3,True
5,622836,2019-03-02 00:00:00.0000000,"alexandriaduffy","Uii8t7Obk)",3,True
6,48859,2013-06-14 00:00:00.0000000,"kbuckley","BscaPnWy(8",1,True
7,345555,2012-03-18 00:00:00.0000000,"collierashley",")0YGDl7heX",2,True
8,642489,2017-01-21 00:00:00.0000000,"ghaynes","!^0FWwnIi3",1,True
9,20621,2019-11-05 00:00:00.0000000,"hnelson","@tx8LXXgFt",4,True
10,982005,2016-12-22 00:00:00.0000000,"pamela55","ud4Y%cLf!u",2,True
11,556223,2011-04-14 00:00:00.0000000,"jharding","6Sf29cEj!D",2,True
12,66645,2016-09-16 00:00:00.0000000,"lisabanks",")T1QYcSqtg",2,True
13,381205,2015-05-09 00:00:00.0000000,"osandoval","*j%SC0JvKe",4,True
14,61790,2014-03-09 00:00:00.0000000,"jose08","o#7RV#2r*b",5,True
15,485791,2013-08-20 00:00:00.0000000,"theresa99","+)D9IwhK(t",4,True
16,409774,2013-05-05 00:00:00.0000000,"racheljones","7)8oDfvlpR",4,True
17,440508,2014-12-30 00:00:00.0000000,"karipatrick","t7OeaG9k*)",3,True
18,702340,2010-12-02 00:00:00.0000000,"amygregory","@skpTWXc1x",2,True
19,719827,2014-10-11 00:00:00.0000000,"mariawilliams","3ih^a5Ez)%",3,True
20,924318,2017-04-18 00:00:00.0000000,"michael29","zwZY^wl*+6",4,True
21,846686,2018-12-05 00:00:00.0000000,"jackdavis","G3O0pp4f(Z",3,True
22,236293,2012-08-22 00:00:00.0000000,"uwilson","ybQG4Urs_*",2,True
23,635107,2013-01-09 00:00:00.0000000,"mcclaintiffany","rS6nNZ*gY#",2,True
24,92007,2010-12-23 00:00:00.0000000,"jwise","Y@2F(MDu_L",5,True
25,480208,2017-02-21 00:00:00.0000000,"vmiles","D8GUduiA$0",1,True
26,460440,2011-02-23 00:00:00.0000000,"johnstonerika","sn0LFYtn)z",4,True
27,736581,2010-08-27 00:00:00.0000000,"samanthamoran","@qC_5FYjDp",3,True
28,651054,2013-10-28 00:00:00.0000000,"daniel18","&0pi5ET16a",2,True
29,597629,2016-03-06 00:00:00.0000000,"uhunt","xe^LeJo2(8",4,True
30,108452,2017-07-09 00:00:00.0000000,"dhansen","*e10RR!d#i",2,True
31,117860,2019-01-03 00:00:00.0000000,"wpugh","vaA#j23^$9",5,True
32,208849,2015-07-21 00:00:00.0000000,"tpearson","#8R!$mEnrh",5,True
33,368732,2013-08-09 00:00:00.0000000,"fscott","d#14E@at#Q",2,True
34,82707,2013-07-02 00:00:00.0000000,"jordanjohn","8J^_a7Hb&g",2,True
35,453244,2020-04-18 00:00:00.0000000,"oporter","2s5Xtc9qb_",1,True
36,491256,2016-07-15 00:00:00.0000000,"sharon90","Z24FUzK()l",3,True
37,506601,2012-10-09 00:00:00.0000000,"iwalker","+(K7)vwuN7",1,True
38,190933,2014-03-27 00:00:00.0000000,"christopherchristian","u2&LR3Tr+O",5,True
39,632262,2019-09-14 00:00:00.0000000,"sheenaowens","$1KP$qgY1^",2,True
40,873313,2015-02-15 00:00:00.0000000,"bradleywheeler","g3LeXS0e+k",3,True
41,730672,2016-12-27 00:00:00.0000000,"benjamin52","gxBtHx3e&0",4,True
42,466334,2019-02-11 00:00:00.0000000,"adamrodriguez","@%Vp0I2y#e",3,True
43,902914,2011-08-27 00:00:00.0000000,"davisdonna","&PJE*f(#$4",5,True
44,523476,2018-07-30 00:00:00.0000000,"arnoldmichael","6QX#Bjq%+I",3,True
45,385173,2014-04-16 00:00:00.0000000,"michellelucas","UY6#5LmlsW",1,True
46,774905,2018-03-13 00:00:00.0000000,"nbarnes","7UE5deep#Z",5,True
47,763870,2013-10-01 00:00:00.0000000,"tmueller","!dIhdOcn52",4,True
48,920876,2014-08-17 00:00:00.0000000,"douglasjackson","*U2U*j1An)",4,True
49,491075,2015-10-24 00:00:00.0000000,"peggykramer","oZShLBHu_7",4,True
50,666710,2016-01-15 00:00:00.0000000,"plawrence","f^6FmlQmxg",1,True
51,483098,2010-08-05 00:00:00.0000000,"yking","*c1p9VffW0",4,True
52,912492,2015-04-25 00:00:00.0000000,"lucaschristian","!LhZahx%84",4,True
53,228099,2014-11-26 00:00:00.0000000,"wbarker","Y$5Y*vbFXo",2,True
54,587760,2018-12-14 00:00:00.0000000,"lukeholt","eF(6CV8e_e",5,True
55,964055,2019-05-10 00:00:00.0000000,"eric05","&O5AQ8vc7#",4,True
56,81625,2014-04-16 00:00:00.0000000,"tom43","UDak)6Rok3",5,True
57,915722,2011-04-18 00:00:00.0000000,"dixonrandy","23+UpED!@B",4,True
58,14407,2015-05-17 00:00:00.0000000,"smithlogan","66FCDjxu(3",2,True
59,492482,2018-04-29 00:00:00.0000000,"monica61","9DxfYwAQ$5",5,True
60,193608,2016-11-24 00:00:00.0000000,"vcontreras","(k9OkV!g*9",2,True
61,572281,2014-09-19 00:00:00.0000000,"sullivanalan","ux1fkV@!p!",4,True
62,381201,2013-11-14 00:00:00.0000000,"edward26","o#7k6+IyhS",4,True
63,906830,2018-10-21 00:00:00.0000000,"reidheather","98Cv879D@D",1,True
64,545963,2010-12-26 00:00:00.0000000,"reynoldsjames","&a49Mpgn*u",1,True
65,309699,2014-08-14 00:00:00.0000000,"zking","BY5VAUxqo$",2,True
66,153883,2014-03-06 00:00:00.0000000,"gmartinez","C8!h2Yjp!M",2,True
67,58991,2020-06-08 00:00:00.0000000,"laurenbennett","7aOQfDoe@B",1,True
68,756063,2012-12-03 00:00:00.0000000,"hshaw","_E%_NoBpF8",4,True
69,71171,2012-08-31 00:00:00.0000000,"hgarcia",")KlQTQqP)6",4,True
70,993955,2020-03-13 00:00:00.0000000,"garciamatthew","&5+7OmUCwx",5,True
71,584267,2015-04-23 00:00:00.0000000,"ortizbrenda","+94kQbi79s",3,True
72,365482,2013-11-29 00:00:00.0000000,"adammoreno","u+A5uZnb(W",5,True
73,241949,2011-08-11 00:00:00.0000000,"kaitlyncollins","m6&*5C&c+5",1,True
74,491677,2018-05-23 00:00:00.0000000,"boydmichelle","B(d25RyYlS",1,True
75,375264,2015-05-08 00:00:00.0000000,"stevenlewis","A_Qc_2+l!2",3,True
76,698105,2012-08-14 00:00:00.0000000,"marcus47","@86ZVP+eQN",4,True
77,548813,2014-05-13 00:00:00.0000000,"daniel23","(SRGUBkIw4",2,True
78,350015,2014-03-31 00:00:00.0000000,"amanda83","_v2OTl$VDk",1,True
79,29714,2016-08-08 00:00:00.0000000,"alexandriaphillips","iJg99Htd%B",5,True
80,293649,2015-12-19 00:00:00.0000000,"akirby","e0Xaavdz+D",2,True
81,24399,2018-08-21 00:00:00.0000000,"matthew50","j)67kVhgBH",5,True
82,899971,2010-08-15 00:00:00.0000000,"daniel70","oRXxOsHt(5",2,True
83,788024,2017-10-15 00:00:00.0000000,"joseph66","(2!XRhMElR",2,True
84,827315,2016-08-07 00:00:00.0000000,"sharon20","_5NrDAKx%R",5,True
85,781708,2011-09-30 00:00:00.0000000,"sydney47","PEu)7zRu)M",1,True
86,271892,2011-02-24 00:00:00.0000000,"kathleen04","24w$RHkC_0",2,True
87,474323,2019-10-06 00:00:00.0000000,"ritarichardson","t8tPLyvO^z",5,True
88,81039,2017-12-19 00:00:00.0000000,"pfrench","U&s5QOqy#&",3,True
89,818335,2015-07-06 00:00:00.0000000,"mark07","g0Nn1@Q8#U",3,True
90,16518,2016-11-14 00:00:00.0000000,"carolinefarmer","!A63TEyr#%",5,True
91,920766,2013-04-18 00:00:00.0000000,"omcdonald","*l2DPvPRNa",5,True
92,669847,2018-10-25 00:00:00.0000000,"burnsjoe","Z$GT2U1pYh",5,True
93,247878,2018-09-20 00:00:00.0000000,"mariaking","6d_kBTAz^5",5,True
94,189440,2017-12-30 00:00:00.0000000,"cartermichael","VVg9H9o1_l",3,True
95,661687,2018-11-29 00:00:00.0000000,"madisonmills","hI1OaZBF(S",2,True
96,595314,2014-01-29 00:00:00.0000000,"george63","%r6YcY$4#N",1,True
97,272767,2014-05-02 00:00:00.0000000,"simonjeffrey","(8Aunt%krY",4,True
98,363946,2017-08-22 00:00:00.0000000,"dthomas","G4691tF7$g",5,True
99,781824,2020-05-15 00:00:00.0000000,"spencerbrandi","u79BHdgO_6",4,True
100,620366,2016-12-13 00:00:00.0000000,"christine39","%W3J8qEhwa",3,True
101,678780,2013-06-04 00:00:00.0000000,"joannasanchez","^7i^SxOwJl",1,True
102,747701,2016-03-17 00:00:00.0000000,"graylindsey","X0J45SXz))",1,True
103,444883,2015-12-03 00:00:00.0000000,"mgray","x6s$9SAl!P",4,True
104,321086,2014-12-13 00:00:00.0000000,"shelleyvasquez","x)7OsoD@($",2,True
105,721937,2015-07-07 00:00:00.0000000,"brandy49","%0M(cg2M2Z",1,True
106,606985,2017-11-19 00:00:00.0000000,"fowlerabigail","io#4T1adE%",1,True
107,45126,2017-11-25 00:00:00.0000000,"bcruz","*b3Xl)e^Mv",2,True
108,982457,2011-10-20 00:00:00.0000000,"tparker","3l)2(YimPP",2,True
109,988890,2016-11-23 00:00:00.0000000,"nguyenryan","OIo1OhUv5_",4,True
110,498777,2019-08-12 00:00:00.0000000,"wwhite","3q8D%yc#%_",1,True
111,166148,2019-05-27 00:00:00.0000000,"khanlisa","_h#V4ofLF3",3,True
112,262113,2019-05-19 00:00:00.0000000,"markmoore","@2zxIjEgV&",5,True
113,952511,2012-05-03 00:00:00.0000000,"brookskimberly","$oUiP9VsA5",1,True
114,956130,2011-07-06 00:00:00.0000000,"kthomas","1dN(ZzjJ$e",1,True
115,556537,2019-09-14 00:00:00.0000000,"conleymary","Z*8qmlPlh$",4,True
116,526591,2010-10-19 00:00:00.0000000,"fisherjames","@wY9vKrpxm",5,True
117,868789,2019-02-22 00:00:00.0000000,"timothy81","lm)@k2Dvl4",5,True
118,170929,2011-09-21 00:00:00.0000000,"david15","_ZMJF1oqe5",1,True
119,97736,2020-02-09 00:00:00.0000000,"rachaelsimmons","H5YORcR**b",5,True
120,502840,2011-09-14 00:00:00.0000000,"jeffreyanderson","Y8NHLL1h!u",1,True
121,282785,2014-07-01 00:00:00.0000000,"matthew07","G25IQBRt9^",3,True
122,262994,2019-11-30 00:00:00.0000000,"gonzalezmichael","!H4@9IGo2T",4,True
123,651843,2019-09-26 00:00:00.0000000,"nmiller",")S!VKfjI7z",1,True
124,308171,2017-02-04 00:00:00.0000000,"qjones","hl@^1MZy!_",3,True
125,667959,2017-06-30 00:00:00.0000000,"shane60","k1%Jqs@5%P",3,True
126,653418,2016-04-23 00:00:00.0000000,"chenbrooke","t3cMM#cz_d",2,True
127,618204,2016-06-04 00:00:00.0000000,"clarkstacey","zs2OlfmgZ)",5,True
128,957227,2010-08-09 00:00:00.0000000,"kristisanders","b)TN)2Ts^6",4,True
129,91084,2016-05-01 00:00:00.0000000,"jeff32","&Y3_cY0nYk",4,True
130,426833,2017-07-14 00:00:00.0000000,"shelly13","%pz5Kv7g$q",1,True
131,183411,2016-09-20 00:00:00.0000000,"amanda89","8n9AZ1vj_+",3,True
132,491237,2016-04-02 00:00:00.0000000,"william08","%(TL)pjd5T",1,True
133,927174,2010-08-03 00:00:00.0000000,"cwilliams","K_8a4No8M)",2,True
134,461325,2012-01-10 00:00:00.0000000,"stephensmisty","^SaDICu51p",5,True
135,419686,2019-04-23 00:00:00.0000000,"palmergabriela","_6XwiwM_Q#",3,True
136,888184,2020-03-19 00:00:00.0000000,"nho","dflot7Jo#f",5,True
137,705630,2013-11-23 00:00:00.0000000,"fthompson","Mq%2CNhF7g",5,True
138,780503,2018-12-21 00:00:00.0000000,"christianshelley","#1ie1Ryte$",5,True
139,282048,2015-01-05 00:00:00.0000000,"jesse87","1CrxVf!Q(m",2,True
140,757794,2011-05-30 00:00:00.0000000,"ybrown","c1YipI4a@_",2,True
141,149166,2014-10-20 00:00:00.0000000,"mary59","h82Z4vYx#H",1,True
142,868659,2016-05-11 00:00:00.0000000,"yjones","+(8pD)t%l8",1,True
143,899401,2010-08-22 00:00:00.0000000,"manderson","Q@3IZ^p$^n",1,True
144,710702,2013-10-27 00:00:00.0000000,"nicolecrawford","0z4I^i2Ae^",3,True
145,119097,2017-11-22 00:00:00.0000000,"tlindsey","+VY80Sda8^",2,True
146,545188,2016-11-02 00:00:00.0000000,"dawnwalker","5*0@Pa(_SV",1,True
147,920721,2019-12-29 00:00:00.0000000,"russell87","%3TRq4Zbzk",2,True
148,702314,2014-09-23 00:00:00.0000000,"huntbrian","p#9KLH%ab9",2,True
149,344921,2016-02-12 00:00:00.0000000,"monicareid","R5+c7URcE3",4,True
150,321624,2017-07-03 00:00:00.0000000,"brittany91","!jTJts8y%4",3,True
151,800607,2018-10-16 00:00:00.0000000,"ryan13","8^j8TNLxwb",5,True
152,731794,2012-07-26 00:00:00.0000000,"newmancaitlin","0ex!8gSp^*",2,True
153,53094,2015-12-27 00:00:00.0000000,"christopher58","5t@2C9fGsP",1,True
154,64324,2011-11-04 00:00:00.0000000,"pbeck","ejW2NF8@^3",3,True
155,815385,2019-07-24 00:00:00.0000000,"danielreynolds","kE7#1MoL^1",5,True
156,673254,2011-06-18 00:00:00.0000000,"andrewsashley","SL@Y1Xfayu",3,True
157,363824,2015-06-24 00:00:00.0000000,"csheppard","36PzJAAB@N",5,True
158,404635,2017-12-26 00:00:00.0000000,"wellsnicholas","%51Ujps*FS",1,True
159,365800,2010-11-11 00:00:00.0000000,"boyleleslie","Zv(2U$m+vh",2,True
160,879182,2016-06-07 00:00:00.0000000,"jamesmason","549PS*t5%x",5,True
161,819939,2015-12-31 00:00:00.0000000,"kwilson","c_^BM7D1kh",2,True
162,89724,2014-04-07 00:00:00.0000000,"susanbruce","S+Mu8fPtbY",2,True
163,235500,2012-11-11 00:00:00.0000000,"vmeadows","Oa9O2dn2%E",2,True
164,883044,2013-12-11 00:00:00.0000000,"sarahaustin","*4PV#p*h*e",4,True
165,108469,2011-05-11 00:00:00.0000000,"simmonsmichelle","uiVi1NR7L*",2,True
166,214870,2019-09-29 00:00:00.0000000,"jessica67","1Bb2oWaDi!",5,True
167,526639,2011-04-21 00:00:00.0000000,"maynardmichael","_1QxQLt#QL",1,True
168,758361,2018-09-06 00:00:00.0000000,"charlottekirby","+SMHIqa_6D",5,True
169,868185,2016-01-11 00:00:00.0000000,"huberkathy","+O0L1sNtpi",3,True
170,886906,2020-02-02 00:00:00.0000000,"hartmanbarbara","B!j8Dxyqf@",3,True
171,383046,2019-08-18 00:00:00.0000000,"ashleymorgan","Pu74Z%fk&G",2,True
172,795045,2018-09-09 00:00:00.0000000,"morrisbrian","(j1!Fuey%)",3,True
173,143417,2010-11-07 00:00:00.0000000,"wilsonlaurie","$p2UMplOqW",1,True
174,665470,2012-05-13 00:00:00.0000000,"pearsongabrielle","#6Dbg%Yn_*",4,True
175,471601,2018-03-07 00:00:00.0000000,"ycarpenter","g%1_KLs*_A",1,True
176,740374,2012-10-19 00:00:00.0000000,"fwarren","M*8St4e*n+",1,True
177,229721,2020-05-15 00:00:00.0000000,"zlopez","#K0@@SpCn2",3,True
178,94532,2014-08-16 00:00:00.0000000,"robertsingh",")2XbnZKBcn",5,True
179,138311,2016-04-08 00:00:00.0000000,"jacob87","i4LFAef#(_",5,True
180,406294,2016-10-25 00:00:00.0000000,"anthony30","(3WgyF5G_p",2,True
181,925795,2017-05-18 00:00:00.0000000,"james53","50+7JHyp^t",4,True
182,172412,2017-03-12 00:00:00.0000000,"carterbriana","&R67EqchMl",5,True
183,814394,2012-12-05 00:00:00.0000000,"glara","Rk2gn$gf(6",3,True
184,802845,2019-10-08 00:00:00.0000000,"wyattmichelle","%^)ApHXuz5",5,True
185,862495,2018-07-22 00:00:00.0000000,"vtorres","I2@W1SaYeq",5,True
186,756018,2013-11-17 00:00:00.0000000,"john81","9z45HP9c@f",3,True
187,473393,2015-02-21 00:00:00.0000000,"alexander90","^@9SMMvvSC",4,True
188,25340,2012-07-25 00:00:00.0000000,"jlin","#YmSiK!zT5",2,True
189,135707,2020-03-29 00:00:00.0000000,"hfuller","+d$oCJkL*8",5,True
190,859754,2019-01-27 00:00:00.0000000,"cannondavid","COr&5Poqw@",5,True
191,315198,2015-06-01 00:00:00.0000000,"qcisneros","^C!&W3NlS!",3,True
192,405011,2014-01-07 00:00:00.0000000,"medinatara","d2AmZjj%&^",2,True
193,467814,2012-06-25 00:00:00.0000000,"kingcarlos","oYp3UZrw(0",5,True
194,33289,2017-02-16 00:00:00.0000000,"nicholasmyers","(b09ZPaPwk",5,True
195,778074,2018-06-27 00:00:00.0000000,"mannstephen",")(08*K1bQ&",3,True
196,427971,2017-08-24 00:00:00.0000000,"fmcknight","8J_Lth5l^7",3,True
197,202405,2016-08-01 00:00:00.0000000,"stanleymiller","Ked4AhOR*w",4,True
198,144927,2013-11-24 00:00:00.0000000,"patrick20","&6YT7usVlK",1,True
199,850340,2011-04-02 00:00:00.0000000,"edorsey","X@#6Wsv(Ra",5,True
200,790177,2016-05-05 00:00:00.0000000,"stanley74","406nGwArx*",1,True
201,298736,2015-01-01 00:00:00.0000000,"wrightchristian","G!J*6GBz2v",2,True
202,868220,2017-07-10 00:00:00.0000000,"pughpaul","7NN42Bqi&&",4,True
203,77550,2013-07-08 00:00:00.0000000,"robert55","b2M^UY^b*a",1,True
204,914675,2020-05-26 00:00:00.0000000,"debramcintosh","P9R4VJ_d%&",3,True
205,885771,2012-10-16 00:00:00.0000000,"gerald52","nPi)CQb@_6",5,True
206,391740,2016-07-15 00:00:00.0000000,"kgray","Di5!o4Gyel",4,True
207,544384,2011-10-23 00:00:00.0000000,"jessicamorgan","+QjmJo2x0V",5,True
208,73265,2011-05-26 00:00:00.0000000,"karen62","$vy)KUql%0",3,True
209,457212,2013-12-03 00:00:00.0000000,"ncastaneda","^#74dDOsX0",5,True
210,101063,2015-09-13 00:00:00.0000000,"michelle63","^7+CKbf9o1",3,True
211,627090,2015-03-17 00:00:00.0000000,"mitchelldaniel","@910$MbuQ_",3,True
212,296609,2016-01-30 00:00:00.0000000,"dorothysmith","!O#$hiUux9",2,True
213,932224,2018-08-02 00:00:00.0000000,"jonathanmitchell","#k2DP7GcuP",1,True
214,262764,2014-12-11 00:00:00.0000000,"michael79","+2ANKux))(",2,True
215,547408,2011-05-09 00:00:00.0000000,"jessicagilbert","uX&QN(8x)6",3,True
216,869708,2017-01-28 00:00:00.0000000,"kjones","^uKxU1bXD2",4,True
217,767256,2019-11-13 00:00:00.0000000,"harperjohn","w%0Iu*zlOv",4,True
218,967218,2015-01-26 00:00:00.0000000,"kbenton","8G!*56GnYM",2,True
219,19115,2017-11-09 00:00:00.0000000,"kellywoods","_#PUQklTd2",2,True
220,511837,2013-12-10 00:00:00.0000000,"erin75","8cU2qYbJ@r",2,True
221,649463,2016-12-23 00:00:00.0000000,"mwilliams","#5QuqnHQV3",1,True
222,993613,2012-11-04 00:00:00.0000000,"perkinsnatalie","y3rXlqem&E",5,True
223,340219,2017-11-10 00:00:00.0000000,"derek85","7T1ZxFBo$s",2,True
224,604979,2017-12-24 00:00:00.0000000,"lindamckenzie","YwzZlyv8@9",4,True
225,745728,2016-01-24 00:00:00.0000000,"qwilson","%tOF&wKm^3",2,True
226,838528,2011-01-03 00:00:00.0000000,"danielsimon","C(5w6HHx^Z",4,True
227,672890,2015-02-27 00:00:00.0000000,"reyesdaniel","H(uj3ubw#R",2,True
228,214619,2015-02-05 00:00:00.0000000,"leedebbie","*S7!BNbmno",1,True
229,581842,2018-02-16 00:00:00.0000000,"lewisbrian","&6%EI#Py_6",2,True
230,326144,2012-12-19 00:00:00.0000000,"marquezkelly","*x7RSfr46K",2,True
231,782525,2015-09-14 00:00:00.0000000,"bradshawdeborah","^xo4oOzz23",2,True
232,325376,2011-05-06 00:00:00.0000000,"xrichards","e0mTa9hx+r",3,True
233,391483,2017-04-26 00:00:00.0000000,"ryan86","9EhU2Pi0@@",2,True
234,644901,2015-02-20 00:00:00.0000000,"williamalvarez","o6ai5NOrQ!",1,True
235,380997,2019-10-13 00:00:00.0000000,"butlerchristopher","Ngo5Lt*9+R",4,True
236,831930,2014-08-10 00:00:00.0000000,"ilopez","Z)3Ohx#Y*w",4,True
237,433750,2014-05-18 00:00:00.0000000,"april09","f%97GCrl#J",2,True
238,971283,2015-01-01 00:00:00.0000000,"csherman","2^a4)Hrr4&",2,True
239,968972,2010-09-11 00:00:00.0000000,"briggsshannon","F6H%WdVe!L",1,True
240,511152,2012-10-19 00:00:00.0000000,"benjaminmary","_SGYTYvy6*",4,True
241,469305,2013-12-29 00:00:00.0000000,"tristan71","6!yNco+k#Q",3,True
242,984095,2011-11-29 00:00:00.0000000,"melissa88","L0PYrlC3*n",4,True
243,466743,2012-05-29 00:00:00.0000000,"lisadiaz","TX(4IOvtTL",4,True
244,538867,2017-05-09 00:00:00.0000000,"steven04","&Qn_!HIjH9",2,True
245,208754,2013-06-28 00:00:00.0000000,"douglas22","!2rDOdQrbv",1,True
246,370601,2011-02-02 00:00:00.0000000,"mary87","@KXPWpf)7r",1,True
247,867696,2018-04-22 00:00:00.0000000,"laurastokes","N^1PVf2Mra",3,True
248,583590,2019-06-24 00:00:00.0000000,"benjaminbowman","j@)0CEfEBq",3,True
249,301233,2012-02-05 00:00:00.0000000,"allenwilliam","!@69NordxD",1,True
250,955621,2019-10-30 00:00:00.0000000,"juan33","Ue4RgWpe*$",1,True
251,197758,2013-01-08 00:00:00.0000000,"wilkinsonjesse","#0tKAr)(H5",2,True
252,796350,2018-01-13 00:00:00.0000000,"ramirezjeff","+(gDIE@a)6",3,True
253,366610,2013-01-01 00:00:00.0000000,"keithschneider","b$S5Dn6eGU",3,True
254,293568,2019-10-04 00:00:00.0000000,"audrey50",")E6L^^YmjV",3,True
255,584433,2018-01-22 00:00:00.0000000,"ghubbard","HK@%9Dqwp%",2,True
256,218555,2011-05-01 00:00:00.0000000,"dennismichael","s+VX9OHb28",2,True
257,115732,2011-06-07 00:00:00.0000000,"meganguzman","#cALBSF*%8",1,True
258,736340,2014-02-26 00:00:00.0000000,"carlweber","_dmDFRDW47",4,True
259,239842,2018-04-12 00:00:00.0000000,"sherry11","+#6EhrXqvY",4,True
260,600718,2019-02-10 00:00:00.0000000,"barry73","FwRd1lpY&7",1,True
261,806747,2017-12-23 00:00:00.0000000,"krista69","H)p2&RHn)1",3,True
262,689233,2015-10-16 00:00:00.0000000,"michaelwhite","9pqGHXmb!j",3,True
263,249085,2020-05-17 00:00:00.0000000,"paulagarcia","IpXX77IaX#",2,True
264,750776,2015-02-28 00:00:00.0000000,"robert23","@6hgVi7nK4",1,True
265,241601,2015-06-10 00:00:00.0000000,"osantiago","!Dle3Acpvp",3,True
266,452832,2016-08-16 00:00:00.0000000,"hannahbrown","i7^uGDQE)5",1,True
267,839227,2018-01-28 00:00:00.0000000,"dustin18","KQRe83fz6@",3,True
268,636234,2019-01-21 00:00:00.0000000,"arellanomelissa","N67wS2WdC+",3,True
269,132550,2015-10-28 00:00:00.0000000,"oscar04","$Q8_FNTpaT",4,True
270,796621,2013-03-06 00:00:00.0000000,"zdaugherty",")cO9C!hv2s",3,True
271,299680,2018-05-27 00:00:00.0000000,"bishopderrick","S)4D4Xu1jM",5,True
272,804474,2017-07-16 00:00:00.0000000,"marcus37","F+sz2$Nc7#",1,True
273,35707,2018-02-12 00:00:00.0000000,"hector03","X2UzNOcZ*L",3,True
274,136490,2015-07-14 00:00:00.0000000,"iphillips","5hBAFmH^&V",2,True
275,853883,2016-03-13 00:00:00.0000000,"jwest","3n0FpBBp#9",1,True
276,215819,2019-07-11 00:00:00.0000000,"christopher30","9Z5PiLoT)_",5,True
277,491483,2012-04-27 00:00:00.0000000,"rtaylor","t(4#mdZs&1",4,True
278,424695,2014-12-25 00:00:00.0000000,"sandragreen","+oIpYO+eg4",2,True
279,428390,2019-03-25 00:00:00.0000000,"jonesthomas","Z3I48Dja_C",4,True
280,942914,2019-12-30 00:00:00.0000000,"ashley17","SgW58Jkcw&",3,True
281,656906,2015-11-01 00:00:00.0000000,"caitlinmorrison","w$@6PJiJU4",3,True
282,862039,2018-08-07 00:00:00.0000000,"huertarobert","@94zAvmsAj",2,True
283,416638,2012-08-29 00:00:00.0000000,"nharris","BE2ruLKx!r",1,True
284,284825,2019-10-17 00:00:00.0000000,"victoria35","H2IhvXyJ!1",4,True
285,81248,2020-04-23 00:00:00.0000000,"dominicjohnson","(uUeaf8jt1",5,True
286,806527,2015-06-21 00:00:00.0000000,"mary72","&oGVrkyz0h",5,True
287,80134,2011-05-06 00:00:00.0000000,"mark05","N%1UVw86Np",5,True
288,218051,2019-03-06 00:00:00.0000000,"william04","@A0$MH&jU*",2,True
289,427934,2011-05-16 00:00:00.0000000,"vaughnlisa","*O0CgkyXxc",3,True
290,988687,2012-08-04 00:00:00.0000000,"damonwilson","25J_oJze^3",3,True
291,848827,2018-12-04 00:00:00.0000000,"stevedonaldson","*3fjs(Pmv_",2,True
292,748673,2019-10-02 00:00:00.0000000,"hcampbell","$8n7ebCbUx",2,True
293,51011,2014-06-20 00:00:00.0000000,"zgarrett","s#b18dW)li",5,True
294,42782,2014-07-09 00:00:00.0000000,"tinasaunders","+5PWXxPk+X",3,True
295,331573,2014-08-13 00:00:00.0000000,"justinlewis","wqB247Vq_R",4,True
296,135572,2018-10-20 00:00:00.0000000,"bryananderson","JlgXAKja#4",2,True
297,330568,2013-09-01 00:00:00.0000000,"jonesdeborah","fC$63Mj7tn",5,True
298,356211,2019-06-22 00:00:00.0000000,"athomas","*Q8$Zgw5Z1",2,True
299,922582,2014-02-06 00:00:00.0000000,"ygraham","$9LYtfyxiD",2,True
300,480963,2012-07-25 00:00:00.0000000,"fieldsjames","__1N4rztxM",3,True
301,863980,2012-12-30 00:00:00.0000000,"melissa70","!n7guGeY##",4,True
302,756047,2012-04-04 00:00:00.0000000,"belindaromero","ru3Afgp4s$",4,True
303,870982,2019-11-01 00:00:00.0000000,"philipdudley","*x@1Jof_eO",4,True
304,280947,2019-08-11 00:00:00.0000000,"michelleroth","t2k!6Ok+%t",4,True
305,52027,2015-09-11 00:00:00.0000000,"peter26","jp8Gw9Ri&p",5,True
306,608449,2013-07-19 00:00:00.0000000,"anthony64","+1+y5dJx*(",2,True
307,872220,2015-10-02 00:00:00.0000000,"timflores","*QcwVfPBg0",1,True
308,437330,2010-12-04 00:00:00.0000000,"kylephillips","%7DEiaz3_M",2,True
309,980371,2011-08-10 00:00:00.0000000,"ewilliams","k2+E0Odan7",1,True
310,502403,2020-06-02 00:00:00.0000000,"bryandavis","&BANtAwL1(",5,True
311,734317,2017-12-09 00:00:00.0000000,"terry48","St!0QEcf#q",2,True
312,523804,2015-07-10 00:00:00.0000000,"jenniferleonard","U41RW+Vg+I",2,True
313,807335,2020-03-02 00:00:00.0000000,"ftucker","(Q5TEpVAY!",4,True
314,964464,2012-11-11 00:00:00.0000000,"julia02","zUXM8Lhyl_",1,True
315,953809,2019-02-01 00:00:00.0000000,"timothyhernandez","TUG986PxE_",4,True
316,838978,2012-02-14 00:00:00.0000000,"qjohnson","4Fd4Phv@+l",3,True
317,764382,2019-06-12 00:00:00.0000000,"hlara","5(qk3GcEMk",5,True
318,754857,2017-02-27 00:00:00.0000000,"marykennedy","99XGrst4(+",2,True
319,442132,2014-12-12 00:00:00.0000000,"clarkekimberly","cxNJQu1q*0",4,True
320,193207,2019-01-04 00:00:00.0000000,"nataliebutler","@@2d%Wr%9w",2,True
321,294247,2011-04-18 00:00:00.0000000,"mlee","dq1mMn&_R%",5,True
322,722170,2017-12-25 00:00:00.0000000,"jdiaz","R2pGdDW%(4",3,True
323,79559,2011-10-09 00:00:00.0000000,"aaronmurray","zCa+2WTimg",3,True
324,389397,2020-04-08 00:00:00.0000000,"davidsmith","U1wfaKpd$*",2,True
325,840185,2012-10-31 00:00:00.0000000,"denise88","l^3L*R(hQ^",4,True
326,130743,2011-05-07 00:00:00.0000000,"tatekaren","&6EGjJYv7G",1,True
327,957233,2020-06-05 00:00:00.0000000,"debbie47","E18ASRb#!B",2,True
328,503484,2016-11-23 00:00:00.0000000,"nicolebailey","JMF3qAa+^q",4,True
329,913359,2015-01-09 00:00:00.0000000,"wayne07","Ut9XuVU%#Y",3,True
330,272268,2020-06-08 00:00:00.0000000,"erica16","%fA$3Ood^h",4,True
331,434999,2017-10-15 00:00:00.0000000,"ramosapril","hl(9F1M$1@",3,True
332,464672,2019-09-08 00:00:00.0000000,"gduran","79F&IMoM_@",1,True
333,644880,2012-12-13 00:00:00.0000000,"amber18","*w8LUo7$$s",5,True
334,951902,2013-01-18 00:00:00.0000000,"rbrown","3i$8&eUhs_",5,True
335,26657,2014-01-31 00:00:00.0000000,"qmercado","+Jr9AbwszG",1,True
336,128485,2013-10-22 00:00:00.0000000,"robert45","doDx1Q9a+*",1,True
337,632131,2018-11-04 00:00:00.0000000,"brownhailey","g96+S6zz*)",3,True
338,22450,2015-02-09 00:00:00.0000000,"thomasreid","(WpfErnT4E",5,True
339,661979,2018-07-18 00:00:00.0000000,"dawnsweeney","52L^jNIt_$",1,True
340,584115,2013-03-17 00:00:00.0000000,"wmullen","!7IFkaV+8%",3,True
341,223716,2020-05-23 00:00:00.0000000,"bmoses","QX7H0Gxr#)",2,True
342,17012,2012-02-09 00:00:00.0000000,"robert78",")4lBBs%HhV",2,True
343,852716,2012-01-04 00:00:00.0000000,"pscott","Y90QTKk1+d",3,True
344,775418,2016-08-01 00:00:00.0000000,"cooperann","B&+F6kIhE8",2,True
345,375462,2019-01-13 00:00:00.0000000,"herreraheather","&wRI9RQrA5",1,True
346,439516,2018-09-15 00:00:00.0000000,"garymcpherson","ct5FrQjWy_",1,True
347,811246,2020-04-11 00:00:00.0000000,"danielbarnes","!2JDRGqhTa",4,True
348,366969,2015-09-26 00:00:00.0000000,"desiree01","!5HAWEbtqP",3,True
349,904369,2020-07-05 00:00:00.0000000,"efrazier","!9Ydh8f)eR",2,True
350,715594,2017-07-16 00:00:00.0000000,"loretta65","!ozMt)(kL8",3,True
351,630735,2014-01-13 00:00:00.0000000,"michael81","&1a1YCXcJn",4,True
352,569964,2018-03-18 00:00:00.0000000,"rodgersbarbara","P^ZN9Jud%Z",4,True
353,545656,2015-12-05 00:00:00.0000000,"deleonjeremy","z5^&qyNO&t",5,True
354,904184,2012-08-24 00:00:00.0000000,"rphillips","R5)1mL+rn!",5,True
355,797910,2014-06-06 00:00:00.0000000,"iallen","a#3IqZ%g#J",1,True
356,619436,2012-01-21 00:00:00.0000000,"yholder","$qWLGkB1c2",2,True
357,592153,2014-09-13 00:00:00.0000000,"rojastony","zOV3RhDj&g",4,True
358,775275,2010-12-09 00:00:00.0000000,"jasongraves","nHOOveB)+3",1,True
359,678031,2016-05-21 00:00:00.0000000,"meganruiz","p3_j43Fz3+",3,True
360,468699,2015-03-09 00:00:00.0000000,"brettprice","(U9o6Ywj$#",3,True
361,531670,2011-05-05 00:00:00.0000000,"davidsmith","C82AotOa@v",5,True
362,589904,2016-07-31 00:00:00.0000000,"cathywilliams","$EgtOE%ri0",2,True
363,888392,2015-08-04 00:00:00.0000000,"jacob93","+2yB0tVcBb",1,True
364,338026,2013-08-08 00:00:00.0000000,"jessica76","q!0hZT7pO)",2,True
365,743091,2019-10-16 00:00:00.0000000,"cjohnson","^)(PPzg178",2,True
366,649320,2019-03-13 00:00:00.0000000,"robertadams","@9GuYb3NFf",2,True
367,834254,2015-08-09 00:00:00.0000000,"williamslisa","(pDAV!pH#9",2,True
368,154121,2015-01-08 00:00:00.0000000,"cooperphilip","L^42BGg)&9",4,True
369,415366,2013-09-22 00:00:00.0000000,"williamwells","+3o_NEBuqD",5,True
370,12904,2018-02-27 00:00:00.0000000,"fthomas","_1UPy6Bdzr",2,True
371,442551,2016-11-30 00:00:00.0000000,"sanchezashley","*73t^Hon&U",4,True
372,924717,2015-12-09 00:00:00.0000000,"amandagarcia","%8B7bstJY5",3,True
373,721492,2014-03-13 00:00:00.0000000,"codyford","!r!01EZ@*8",4,True
374,973878,2013-07-22 00:00:00.0000000,"etorres","x2rIvqX9_3",1,True
375,44687,2019-05-23 00:00:00.0000000,"jonestheresa","N_65LCUi#1",3,True
376,23948,2013-10-23 00:00:00.0000000,"carla48","$u53)EEhT)",3,True
377,959546,2012-03-28 00:00:00.0000000,"phillipvance","8x6bU8sS@5",3,True
378,514465,2012-08-22 00:00:00.0000000,"johnathan28","^Cq(I5GjWP",3,True
379,641941,2017-02-09 00:00:00.0000000,"tylerallen",")oB_D!&Z94",1,True
380,698097,2017-12-29 00:00:00.0000000,"jason80","&8VCM6vt2n",1,True
381,62065,2013-12-08 00:00:00.0000000,"garzaangela","$5GSC*OlMP",5,True
382,120217,2020-07-28 00:00:00.0000000,"wferguson","*FV8(Gp+#7",4,True
383,694617,2016-12-13 00:00:00.0000000,"dylan58","+9Fi#5730F",2,True
384,559037,2020-01-03 00:00:00.0000000,"susan37","(AFpJIfx4A",2,True
385,918872,2014-10-02 00:00:00.0000000,"murphynorma","!(3Bf(xhqq",5,True
386,249787,2011-03-22 00:00:00.0000000,"davidmahoney","^7YgD&enLU",4,True
387,507352,2019-06-04 00:00:00.0000000,"pattersoncourtney","_3B&l0r64z",5,True
388,621157,2016-04-26 00:00:00.0000000,"richardbuchanan","C8CTWyak!1",5,True
389,768636,2011-01-09 00:00:00.0000000,"dawn52","c8NZ(jo+^D",2,True
390,966039,2013-04-10 00:00:00.0000000,"wmcneil","ugT3aSnw#Q",3,True
391,986297,2012-10-26 00:00:00.0000000,"xvelasquez","XK0K@ioj#%",4,True
392,571583,2014-10-07 00:00:00.0000000,"melissa25","*Rk$*86nd!",3,True
393,325574,2013-01-15 00:00:00.0000000,"joyce52","Y0jrBHeD_%",1,True
394,212914,2015-10-03 00:00:00.0000000,"stephanie86","@B4VtyQlG4",3,True
395,236327,2015-02-23 00:00:00.0000000,"spatterson","(34^Qx!5fv",5,True
396,237222,2011-03-09 00:00:00.0000000,"carolinesavage","e^Gpf1ImuU",1,True
397,399411,2011-05-23 00:00:00.0000000,"rachelmercer","(8MiwkCaLx",3,True
398,628655,2014-10-22 00:00:00.0000000,"charlescarter","s&G)N_e(%9",1,True
399,773586,2016-08-20 00:00:00.0000000,"fbrown","Ud7C+vu9w+",5,True
400,956756,2015-12-24 00:00:00.0000000,"anthony60","!y3mX5HvI5",3,True
401,889253,2016-03-07 00:00:00.0000000,"brandon84","u_6OQQskC9",1,True
402,175222,2012-03-16 00:00:00.0000000,"ihopkins","%ae4eV9$k5",4,True
403,898072,2017-03-24 00:00:00.0000000,"jonesronald","6R^4EydFkt",4,True
404,346815,2013-01-15 00:00:00.0000000,"cdavis","!oeA3)Ht9J",5,True
405,651120,2015-04-06 00:00:00.0000000,"mark40","z^mh568suX",2,True
406,151471,2019-04-27 00:00:00.0000000,"qsantiago","@BDQR3uc7q",5,True
407,354374,2011-10-22 00:00:00.0000000,"priddle","*CrR25XpYi",4,True
408,210325,2020-02-27 00:00:00.0000000,"angela29","ZJ8RPmi&e%",5,True
409,807557,2018-02-04 00:00:00.0000000,"sarajackson","25&8Jo1+ju",5,True
410,323438,2018-03-29 00:00:00.0000000,"alexandra74","!1bFXHzifO",4,True
411,96503,2012-01-24 00:00:00.0000000,"lesliegonzales","#^NwT^Y&57",3,True
412,97167,2020-06-09 00:00:00.0000000,"allisonchambers","PyND&++W*6",3,True
413,844382,2013-11-17 00:00:00.0000000,"sharon65","v87SQjS%%w",5,True
414,794836,2011-08-18 00:00:00.0000000,"lauren91","Fx3eBUKyl^",4,True
415,342787,2012-01-13 00:00:00.0000000,"yrivera","^HghLarVe8",3,True
416,622400,2013-12-07 00:00:00.0000000,"williamking","z38pZhGqS%",3,True
417,459676,2017-12-11 00:00:00.0000000,"christopher25","#z7uXOn@^b",4,True
418,339053,2020-05-20 00:00:00.0000000,"jimmy27","8W3D9OHb%i",1,True
419,907485,2013-10-18 00:00:00.0000000,"sfisher","p03C@QZi^7",3,True
420,798543,2011-02-23 00:00:00.0000000,"sanderspaul","s8PtioAX#Y",2,True
421,639291,2016-05-30 00:00:00.0000000,"elizabeth94","s9I@oNuN_!",4,True
422,445126,2016-12-19 00:00:00.0000000,"michelle51","*nQNi6e6V4",4,True
423,240124,2020-03-07 00:00:00.0000000,"smithjustin","*fZ9yueRf3",2,True
424,25797,2014-12-17 00:00:00.0000000,"sanchezmichele","g!0OhfJu2z",2,True
425,241601,2018-02-22 00:00:00.0000000,"joshua46","!jDjOJ+x5_",4,True
426,663952,2018-08-03 00:00:00.0000000,"collincoleman","$M6TL5LjLr",5,True
427,607481,2012-08-25 00:00:00.0000000,"owoods","&@9RvOgdu5",1,True
428,556734,2015-07-01 00:00:00.0000000,"sbeck","^Fi02SCd8Z",1,True
429,228680,2012-03-15 00:00:00.0000000,"gdavis","L9p#r+Yn^D",2,True
430,623348,2015-06-19 00:00:00.0000000,"imclaughlin","*%1)5PMu6&",1,True
431,443695,2020-04-02 00:00:00.0000000,"wrighttimothy","zre3NXkme!",4,True
432,608959,2019-07-25 00:00:00.0000000,"walkerrobert","E229%yLo&5",2,True
433,921071,2014-08-05 00:00:00.0000000,"brian28","%1ZoIAx91i",5,True
434,149710,2018-07-31 00:00:00.0000000,"wallaceamanda","!y1ZKawLi&",4,True
435,39795,2011-08-05 00:00:00.0000000,"santoskara","S+siKyu%$1",1,True
436,524174,2018-06-14 00:00:00.0000000,"charlesking","qSRl8J!oM*",4,True
437,524843,2013-08-23 00:00:00.0000000,"victorcarr","x+L9ajBfRP",3,True
438,333918,2018-05-11 00:00:00.0000000,"richardsangela","Vo9D*0DgUO",5,True
439,735956,2014-07-25 00:00:00.0000000,"evansadam",")9LRBv)P%6",2,True
440,505659,2010-12-02 00:00:00.0000000,"karellano","+Kt&)H0f&0",4,True
441,75810,2018-07-10 00:00:00.0000000,"sergio19","*K7(crVs1W",3,True
442,225691,2012-05-23 00:00:00.0000000,"barrettsteven","fY!*0DnHPW",3,True
443,125327,2018-05-07 00:00:00.0000000,"kristi72","*_2EW7+bo8",4,True
444,112145,2012-08-21 00:00:00.0000000,"andersonandrew","_9OHVbyR)I",5,True
445,773940,2010-08-30 00:00:00.0000000,"vbeard","_148_SfPh8",4,True
446,805643,2018-07-16 00:00:00.0000000,"elizabeth33","2Ovpl0VbI)",1,True
447,939495,2017-05-10 00:00:00.0000000,"carol88","$8UagncLCk",1,True
448,427952,2016-03-26 00:00:00.0000000,"wallgeorge","iL6_(NDkz@",3,True
449,970749,2014-01-21 00:00:00.0000000,"martinezjoseph","+5llgFn3KD",3,True
450,65783,2012-01-15 00:00:00.0000000,"carolyn17","!9aAbj(jj2",1,True
451,257440,2020-07-27 00:00:00.0000000,"bakermary","*mNrETlvw1",5,True
452,30983,2018-08-10 00:00:00.0000000,"garyandrade","@SRAWxq$U3",5,True
453,811457,2014-03-14 00:00:00.0000000,"petersonnicholas","*58Yn8xnp_",1,True
454,573482,2018-12-08 00:00:00.0000000,"caroline30","lHu2qj9lb)",1,True
455,926120,2012-12-18 00:00:00.0000000,"jose79","xQwOo46b^0",2,True
456,532995,2019-01-14 00:00:00.0000000,"sandrabarton","(LLpVMHq_4",4,True
457,111943,2011-01-26 00:00:00.0000000,"bphillips",")vDxh(aS#4",2,True
458,941388,2020-02-23 00:00:00.0000000,"krista59","wF2J%9Khx@",4,True
459,592229,2017-06-29 00:00:00.0000000,"littlederrick","#@mI7jTw4x",4,True
460,986831,2015-12-29 00:00:00.0000000,"sferrell","+V1XfbZnCp",1,True
461,923461,2013-08-09 00:00:00.0000000,"chencody","51Sg_mh(^y",1,True
462,600021,2012-06-24 00:00:00.0000000,"ystone","5lHEdQEf+i",5,True
463,370530,2013-11-25 00:00:00.0000000,"barbara25","+6&zxNcS0i",3,True
464,826121,2020-04-30 00:00:00.0000000,"bkey","W*7SHjZ!gV",3,True
465,992518,2017-06-25 00:00:00.0000000,"whitebrandon","T70*IPuW#$",2,True
466,564738,2012-09-15 00:00:00.0000000,"samueloconnell","%0AezXF9ss",5,True
467,243243,2019-04-06 00:00:00.0000000,"xbrown",")ikvK$**&3",4,True
468,385613,2020-05-28 00:00:00.0000000,"curtiswilliam","+eNRR^ix83",3,True
469,398798,2019-08-09 00:00:00.0000000,"virginia22","_LM*ViuNv3",2,True
470,155248,2013-12-11 00:00:00.0000000,"dustinward","QaMj7tXH(6",4,True
471,516064,2019-03-31 00:00:00.0000000,"mccoyisabella","l6cvuuFj$B",3,True
472,914212,2018-06-12 00:00:00.0000000,"jillhaynes","%0@Irq)Xe8",3,True
473,612506,2016-06-07 00:00:00.0000000,"juanfox","les9A*boh$",3,True
474,698371,2011-09-13 00:00:00.0000000,"kingjose","EROH1JXxr)",5,True
475,833310,2018-01-19 00:00:00.0000000,"phillip89","nK1T019qt@",2,True
476,894025,2019-12-07 00:00:00.0000000,"williamyoung","@7ud)XKc#Q",4,True
477,191128,2012-03-23 00:00:00.0000000,"john29","8hD2V%u3!3",3,True
478,13963,2016-12-09 00:00:00.0000000,"xcarey","1IRzBeHU+8",4,True
479,892078,2019-06-16 00:00:00.0000000,"hancockmichele","(*LvCWNrb3",4,True
480,386844,2016-07-29 00:00:00.0000000,"kyle38","baSR3Lvl)9",1,True
481,97979,2017-02-01 00:00:00.0000000,"susan09","^toa1RJn4I",5,True
482,653639,2015-04-29 00:00:00.0000000,"jessica89","M8M4pbPO_O",1,True
483,46702,2017-03-10 00:00:00.0000000,"samuelmoss","@Yhj1Wfgyy",5,True
484,668356,2013-09-06 00:00:00.0000000,"diamondstevens","!R%9Wcag6x",5,True
485,474621,2015-11-05 00:00:00.0000000,"amberstevenson","+sZNKUo3q4",4,True
486,46701,2015-06-18 00:00:00.0000000,"erica34","t1Mwr#l0$*",3,True
487,983923,2017-03-30 00:00:00.0000000,"christopher66","!4TeD6#gXQ",4,True
488,915975,2012-04-29 00:00:00.0000000,"fmontgomery","lS45(dKae*",5,True
489,162284,2020-07-23 00:00:00.0000000,"qdavis","@3w&(qGa@I",5,True
490,422385,2011-10-06 00:00:00.0000000,"michael85","M)3XVpn_gG",3,True
491,746326,2011-06-12 00:00:00.0000000,"maryfleming","&itCScL8t7",4,True
492,261305,2013-07-18 00:00:00.0000000,"christinedavis","*QADh0yf9V",4,True
493,509062,2012-03-03 00:00:00.0000000,"btaylor","@5D^!aJYKl",4,True
494,455852,2016-07-08 00:00:00.0000000,"fgordon","*BHPGkEpc1",1,True
495,839741,2011-01-12 00:00:00.0000000,"wangzachary","qDo%dZ$M!4",2,True
496,116107,2016-03-30 00:00:00.0000000,"jessica54","_XKOjcas41",1,True
497,754936,2014-09-03 00:00:00.0000000,"vanessaadams","U^E3TonJu*",4,True
498,334389,2016-10-03 00:00:00.0000000,"michael54","l18R7XiAH+",1,True
499,397962,2020-01-18 00:00:00.0000000,"mcarr","a2B3_TSz)l",4,True
500,901334,2017-09-23 00:00:00.0000000,"pdalton","!JW(fOFv8^",4,True
501,659790,2011-04-21 00:00:00.0000000,"samanthanelson","n(aETio++7",2,True
502,968549,2020-03-04 00:00:00.0000000,"carrie20","(^@3PyVy7y",5,True
503,517056,2019-10-19 00:00:00.0000000,"abell","#3XS1g*HFh",3,True
504,178225,2018-01-10 00:00:00.0000000,"andrewpacheco","ey_1JaBpp1",3,True
505,272730,2018-04-06 00:00:00.0000000,"mhartman","xf64KEao%+",1,True
506,962895,2010-10-29 00:00:00.0000000,"mullinsshawn","I#3WcaGMC(",3,True
507,308245,2019-03-15 00:00:00.0000000,"khinton","*VD7Tjnd95",3,True
508,960586,2018-11-21 00:00:00.0000000,"sowens","t(d3xHgMYs",1,True
509,499767,2015-02-06 00:00:00.0000000,"dickersonlydia","GAHA2Sxh(j",2,True
510,118866,2019-09-09 00:00:00.0000000,"watersbradley","!5*9UbFuUy",2,True
511,824787,2013-03-11 00:00:00.0000000,"joseph24","^%G6MBvrrn",4,True
512,328236,2012-04-09 00:00:00.0000000,"lgonzalez","#Sv7fQhkP$",1,True
513,911555,2020-03-01 00:00:00.0000000,"marshalljoanna","6^8LnAbWKf",4,True
514,438968,2013-05-14 00:00:00.0000000,"brendahicks","AF#98GhO#K",2,True
515,474536,2014-04-02 00:00:00.0000000,"maria09","%i2WAHr&!9",2,True
516,175823,2020-05-12 00:00:00.0000000,"chorton","*7oUr_(n&0",5,True
517,467025,2019-10-19 00:00:00.0000000,"janice91","lU93Tplgu+",5,True
518,293286,2019-07-10 00:00:00.0000000,"uwoodard",")r1T!I)a_R",1,True
519,189217,2019-05-15 00:00:00.0000000,"nicolekane","a0XqTsdY!u",5,True
520,412535,2018-09-14 00:00:00.0000000,"sarah67","a((2Dod8wU",2,True
521,498569,2017-07-08 00:00:00.0000000,"dianeparker","!wcsFhtqZ2",1,True
522,16318,2012-08-28 00:00:00.0000000,"clarkkaren","#2SYGuC5!O",2,True
523,589077,2018-07-16 00:00:00.0000000,"christinawalls","%Pt%L5Ye#+",5,True
524,577475,2020-06-24 00:00:00.0000000,"sarahmiles","Q7%C#yfm&+",1,True
525,409757,2013-03-08 00:00:00.0000000,"dukechristopher","*BaEfOybA6",2,True
526,847160,2013-02-25 00:00:00.0000000,"olawrence","vC&R6DLd%9",1,True
527,523925,2011-05-24 00:00:00.0000000,"andrewsingleton",")*$KT(mx2E",2,True
528,474440,2018-04-17 00:00:00.0000000,"sharon84",")0%WRttG%O",5,True
529,632407,2012-11-22 00:00:00.0000000,"ewingjohn","Ke83fZvjI&",1,True
530,202306,2018-05-01 00:00:00.0000000,"hmoore","T&Qh2ynsqW",5,True
531,304964,2015-01-08 00:00:00.0000000,"fvasquez","^ni%7S5bV_",4,True
532,219580,2011-03-30 00:00:00.0000000,"montgomeryryan","#7F_zNv6P%",2,True
533,310914,2011-02-20 00:00:00.0000000,"vwilliamson","4UZb7F)B+4",1,True
534,563143,2011-01-25 00:00:00.0000000,"lopezmichael","m(1Ntc2ar1",2,True
535,734906,2011-09-14 00:00:00.0000000,"xcarr","YZjwy2l8K_",4,True
536,57740,2017-03-09 00:00:00.0000000,"betty96","!fVDMozn8*",3,True
537,8503,2020-07-21 00:00:00.0000000,"christina22","eqQXX8Ws)(",4,True
538,314971,2013-01-30 00:00:00.0000000,"whiteelizabeth","&YcVceql!6",5,True
539,97576,2012-06-27 00:00:00.0000000,"tracy72","l0+7BI_M*a",2,True
540,163657,2019-03-02 00:00:00.0000000,"oclark","&CJ9Fdd!4T",2,True
541,688782,2015-06-28 00:00:00.0000000,"zcopeland","8W&@9GQf(r",1,True
542,760762,2016-08-14 00:00:00.0000000,"ybrown","sKA+6G%c^j",3,True
543,385998,2016-09-07 00:00:00.0000000,"hessjames",")@@n9MphRF",1,True
544,91032,2011-06-02 00:00:00.0000000,"markbaker","7u7RmBBh+j",3,True
545,944161,2016-09-10 00:00:00.0000000,"ndyer","^#91PhM)3a",3,True
546,204461,2012-09-12 00:00:00.0000000,"moorejimmy","S*7Ili^Zd^",1,True
547,921353,2014-11-22 00:00:00.0000000,"joel23","5Vs3VHt$Q#",2,True
548,613984,2011-02-08 00:00:00.0000000,"shellybolton","!$1(RYGcfW",1,True
549,514052,2018-09-26 00:00:00.0000000,"wilsonthomas","+TnImSuf42",1,True
550,509153,2015-11-05 00:00:00.0000000,"natalie35","p#0%jfMe+7",1,True
551,314266,2013-05-11 00:00:00.0000000,"gjohnson","B6l55Ofy&p",2,True
552,244978,2011-09-22 00:00:00.0000000,"nphillips","!9bPh*y1@D",3,True
553,667025,2017-01-11 00:00:00.0000000,"collinsrebecca","_o0LQee4%%",4,True
554,399863,2019-10-31 00:00:00.0000000,"elizabeth46","7eBwByMc+2",2,True
555,977222,2017-12-07 00:00:00.0000000,"priscillatyler","VYj5H@emR*",3,True
556,50430,2011-08-27 00:00:00.0000000,"millerrodney",")t6Y#gmjD)",3,True
557,556939,2014-07-05 00:00:00.0000000,"juliehull","IwqQP)HL%4",3,True
558,20489,2020-06-07 00:00:00.0000000,"elizabethcarey","#OZrg%Nm6(",5,True
559,534681,2015-08-05 00:00:00.0000000,"shane35","#S4y2Ru2U$",5,True
560,277750,2015-07-24 00:00:00.0000000,"julie70","7ookSb7x$3",2,True
561,622515,2020-06-10 00:00:00.0000000,"alexanderjackson","hlqt5ALj_+",2,True
562,833577,2018-05-22 00:00:00.0000000,"jessica37","GG^u7KCj6b",5,True
563,644601,2018-03-22 00:00:00.0000000,"kristinethomas",")z1X5dlGv_",4,True
564,570767,2013-07-01 00:00:00.0000000,"timothy66","^*f78PGh48",2,True
565,713003,2014-04-08 00:00:00.0000000,"byrdmarcus","^C@D&#rhu0",4,True
566,16873,2017-03-05 00:00:00.0000000,"carterbrent","#D9mHmef6A",1,True
567,720195,2019-10-13 00:00:00.0000000,"gabriel23","$19Hg#WMSQ",4,True
568,165664,2011-11-28 00:00:00.0000000,"uflores","U(Bu(xuD&4",5,True
569,902082,2019-08-18 00:00:00.0000000,"davisjon","k$5AgNbrLK",1,True
570,78464,2012-12-03 00:00:00.0000000,"ujohnson","X4Cs5un6+E",1,True
571,266291,2019-10-26 00:00:00.0000000,"jesusromero","!!K_#@AdA1",3,True
572,378495,2018-04-15 00:00:00.0000000,"ecochran","#s+X38Ech5",4,True
573,372099,2014-07-16 00:00:00.0000000,"amooney","SF)B7VGpbL",1,True
574,512216,2014-07-25 00:00:00.0000000,"melanieshea","u_6M1oZLMm",5,True
575,962537,2016-06-30 00:00:00.0000000,"briancole","@k1XZqePd0",1,True
576,711818,2018-10-02 00:00:00.0000000,"juarezmichelle","(_nEeQ+jn4",2,True
577,795521,2013-06-05 00:00:00.0000000,"michelleblair","c*4YYrh4^f",5,True
578,667373,2010-10-08 00:00:00.0000000,"samantha97","&80UHdHAZq",1,True
579,859111,2015-09-05 00:00:00.0000000,"erinhamilton","#Pr5Idv$Kd",5,True
580,565224,2020-05-08 00:00:00.0000000,"albert46","+5lG3x@tmt",4,True
581,854277,2011-10-21 00:00:00.0000000,"stephanie76","2n75Ht0U$#",3,True
582,390154,2013-08-06 00:00:00.0000000,"ambervillarreal","c7mFXuU%@0",5,True
583,76226,2020-02-16 00:00:00.0000000,"spencerchristina","Ql@R+Qbu)3",4,True
584,739421,2018-01-26 00:00:00.0000000,"melanie94","+eg0uB1yOE",3,True
585,643754,2016-02-19 00:00:00.0000000,"gmullins","%2xiBgtZ#+",3,True
586,883279,2016-05-14 00:00:00.0000000,"roger28","AnnjZjvt#1",3,True
587,394064,2010-12-05 00:00:00.0000000,"ohendrix","7#0VG+Pw@K",4,True
588,208441,2015-11-27 00:00:00.0000000,"timothymoore","%O0#HrAPer",1,True
589,46910,2016-02-16 00:00:00.0000000,"amythomas","@dj3pZy9sz",5,True
590,741897,2013-04-04 00:00:00.0000000,"qthomas","T^0C9khg+m",3,True
591,352006,2011-06-17 00:00:00.0000000,"douglasdavis","@&A)ntei8E",1,True
592,309500,2014-04-28 00:00:00.0000000,"morrisdorothy","&T9O0Tfx+I",2,True
593,837207,2016-09-04 00:00:00.0000000,"cgrant","X!kd6%DdNc",3,True
594,493377,2011-04-27 00:00:00.0000000,"darlene75","v!5F)Kx%Op",3,True
595,889603,2018-01-03 00:00:00.0000000,"kellylewis","e8i5hY#!$c",3,True
596,949362,2015-05-29 00:00:00.0000000,"adixon","*zaKzWxs$4",3,True
597,680609,2013-03-16 00:00:00.0000000,"carlyparsons","V^P8XvHA(3",5,True
598,164287,2012-12-06 00:00:00.0000000,"jonathanhutchinson","rOfl2JCz@7",2,True
599,239535,2019-06-06 00:00:00.0000000,"bgordon","+4MZLYumq3",5,True
600,962132,2010-12-16 00:00:00.0000000,"desiree37","br3$6R1b#d",5,True
601,178423,2014-01-15 00:00:00.0000000,"barnettjanet","$a4NVn8(88",1,True
602,304924,2020-02-11 00:00:00.0000000,"jacksonjerry","(HSiU8hta3",4,True
603,329046,2016-07-18 00:00:00.0000000,"lisa45","!RWogSKh$7",2,True
604,387857,2013-03-25 00:00:00.0000000,"zgarza","+D9ZaPZv#U",1,True
605,503846,2011-08-24 00:00:00.0000000,"alvarezmelinda","5Q8vJav@@K",4,True
606,138454,2016-10-30 00:00:00.0000000,"tasha08","#A2fOkynrx",2,True
607,414577,2012-07-25 00:00:00.0000000,"kelly75","tQ7L47x$G#",4,True
608,841588,2015-06-25 00:00:00.0000000,"dsmith","+8XgHgcu7j",5,True
609,707714,2019-01-23 00:00:00.0000000,"shieldsrachael","TMF2TfpLN#",1,True
610,207557,2017-02-20 00:00:00.0000000,"jacquelinewhite","d)7&0aUcfB",3,True
611,707591,2020-03-02 00:00:00.0000000,"jbailey","10JYutWr!T",3,True
612,35176,2011-04-15 00:00:00.0000000,"ubird","d(4StBBUv)",2,True
613,541610,2019-04-02 00:00:00.0000000,"rebeccamartinez","FqVVk6PY7_",4,True
614,235433,2015-02-04 00:00:00.0000000,"austintracy","!ls@9C6uGq",3,True
615,585771,2018-10-03 00:00:00.0000000,"nelsonnicholas","0**0jVlx+4",5,True
616,988130,2015-12-17 00:00:00.0000000,"fpowell","c7t16VNI)u",4,True
617,526838,2014-08-22 00:00:00.0000000,"millerconnor","E!1SRBEewd",1,True
618,902888,2013-02-05 00:00:00.0000000,"abaxter","^^4(Qv_yv7",4,True
619,4377,2012-07-24 00:00:00.0000000,"millercharles","$I0B3oqePP",5,True
620,924251,2018-02-14 00:00:00.0000000,"rbarajas","SE+8M3Lfy+",2,True
621,581257,2019-12-31 00:00:00.0000000,"qnavarro","c%P79E#4Uk",3,True
622,919937,2018-02-23 00:00:00.0000000,"wilsonjohn","(2Ar8kmLkD",1,True
623,207441,2017-01-22 00:00:00.0000000,"yacosta","s77ZH9df$o",3,True
624,157734,2020-03-05 00:00:00.0000000,"troyjohnson","$8Sl1tWC!g",1,True
625,466100,2019-09-18 00:00:00.0000000,"marissa52","Lq3ZEgbg@!",1,True
626,49650,2018-10-17 00:00:00.0000000,"jpearson","@h7K%gH8jn",1,True
627,379296,2014-07-21 00:00:00.0000000,"kathleen74","88l#YNhp&p",2,True
628,35009,2018-07-23 00:00:00.0000000,"reynoldsdavid","$B6Xwcqyx_",4,True
629,894587,2015-05-11 00:00:00.0000000,"lisa72",")6cYpCfhtq",3,True
630,303500,2018-12-27 00:00:00.0000000,"crodriguez","_m&F@hu!u3",2,True
631,309351,2011-02-25 00:00:00.0000000,"yschultz","Q83L2Kx#&g",2,True
632,563986,2019-05-26 00:00:00.0000000,"jessicablack","%u7MTmjBP5",2,True
633,457430,2017-11-26 00:00:00.0000000,"dnash","Xv&tSpaX(8",5,True
634,141137,2019-10-28 00:00:00.0000000,"harrisandrea",")s_PyOn54d",2,True
635,555930,2012-12-01 00:00:00.0000000,"nsawyer","%KOGwjp_7j",4,True
636,673213,2014-05-11 00:00:00.0000000,"hawkinskatelyn","^17Lx9K4Gk",4,True
637,702931,2014-01-18 00:00:00.0000000,"ywilliams","&0Nj#%jgMt",3,True
638,740711,2011-04-30 00:00:00.0000000,"melissa67","1R7yYkqj#n",2,True
639,866698,2012-05-16 00:00:00.0000000,"amandalong","+*Qu(f%u86",5,True
640,301187,2020-07-01 00:00:00.0000000,"karenowen","%!qrg9Mxs&",3,True
641,77244,2013-11-24 00:00:00.0000000,"xdavis","X$Sm5JLrc%",1,True
642,124071,2018-10-09 00:00:00.0000000,"mosborn","%N_YLtb3B3",2,True
643,468272,2017-10-05 00:00:00.0000000,"markstafford","*J95AfrOJm",5,True
644,342808,2013-01-28 00:00:00.0000000,"william26","&%60JVbe6Y",1,True
645,837065,2012-03-11 00:00:00.0000000,"kwilliams","z7RN9P+Y%7",3,True
646,377993,2017-12-22 00:00:00.0000000,"randy99","^2HD6FoTrH",2,True
647,802910,2017-07-21 00:00:00.0000000,"padillajulie","$J2MYqSCE#",2,True
648,827233,2018-12-28 00:00:00.0000000,"josesmith","d8Acy6xX%m",2,True
649,752155,2013-12-01 00:00:00.0000000,"eric31","(71YDaxkoW",5,True
650,980028,2018-12-21 00:00:00.0000000,"michele52","K2Toi@N#$x",2,True
651,795334,2018-01-22 00:00:00.0000000,"tracypugh","!JCxdDwiV5",4,True
652,584635,2012-12-06 00:00:00.0000000,"usmith","f#*1Goc@T+",3,True
653,5835,2020-07-17 00:00:00.0000000,"johnstondavid","oaXyE1Uq%#",1,True
654,928578,2013-02-17 00:00:00.0000000,"annaperez","*0M*TLyJuo",4,True
655,223674,2014-02-01 00:00:00.0000000,"kathleenperez","0k8CsVLe#7",5,True
656,538661,2019-07-04 00:00:00.0000000,"masseyjason","!SKhumfR!4",2,True
657,943526,2012-12-23 00:00:00.0000000,"crystal81","fdj+7#UkqK",5,True
658,983087,2014-12-01 00:00:00.0000000,"kaylamann","#vMDR7Jopf",2,True
659,727545,2019-06-24 00:00:00.0000000,"racheltrujillo","ggvZkO7g^9",3,True
660,618594,2011-04-26 00:00:00.0000000,"johnguzman","HtWdfwhN@9",3,True
661,175720,2017-06-09 00:00:00.0000000,"mariaclements","!F^_Zaso@8",4,True
662,46680,2020-01-16 00:00:00.0000000,"robert43","NPkW$LEj#4",4,True
663,79088,2012-08-06 00:00:00.0000000,"stevensbryan","$_9E9!n4m3",4,True
664,795781,2010-11-29 00:00:00.0000000,"blake15","o*mDN7Q&Lq",1,True
665,299348,2019-02-04 00:00:00.0000000,"williamgarcia","SPVdr(b1^8",3,True
666,880052,2011-03-09 00:00:00.0000000,"christopher84","A)2S0kaKfF",4,True
667,368013,2011-05-16 00:00:00.0000000,"abrowning","&v6lOn%uTy",2,True
668,631201,2014-03-24 00:00:00.0000000,"william55","_2HZcVyL!C",3,True
669,778394,2018-11-22 00:00:00.0000000,"alexanderhernandez","(5Rg6t!#G^",3,True
670,946331,2018-02-08 00:00:00.0000000,"garyleonard","d281AYdDU+",1,True
671,816795,2016-05-31 00:00:00.0000000,"gatesscott","bq5Y^)Lv2*",5,True
672,932575,2019-05-19 00:00:00.0000000,"michellepadilla","@OoM33Kyn8",4,True
673,727383,2016-08-05 00:00:00.0000000,"lucasangela","g6GsZlY+$L",4,True
674,505386,2017-12-23 00:00:00.0000000,"jeff81","(Fq6Zpbw*)",4,True
675,65621,2010-08-19 00:00:00.0000000,"margaretjordan","c*7Fs0MzvB",2,True
676,356147,2012-06-20 00:00:00.0000000,"dawn48",")4i7FmyiBm",3,True
677,653143,2015-02-03 00:00:00.0000000,"lwilliams","y0+2NXihAq",3,True
678,423976,2014-03-08 00:00:00.0000000,"wilsonsamantha","^P1!P+UoOy",5,True
679,358639,2019-03-29 00:00:00.0000000,"xrivera","(PC3NIZe$f",5,True
680,918746,2013-08-03 00:00:00.0000000,"sanchezmichael","*!T2H9uGAt",3,True
681,228251,2011-10-08 00:00:00.0000000,"beltranerica","1d)3Nzvos+",5,True
682,742118,2015-04-16 00:00:00.0000000,"hbecker","f+2eHjEn_1",2,True
683,321472,2014-06-20 00:00:00.0000000,"ehenry","z7m9NRPm_H",3,True
684,948862,2019-08-21 00:00:00.0000000,"joseph36","7Z!0Fp6+aq",2,True
685,99057,2010-08-12 00:00:00.0000000,"nwu","s1To6GHZ_L",5,True
686,423488,2013-04-17 00:00:00.0000000,"frazieralison","QKJw1gKt)4",1,True
687,690579,2015-12-02 00:00:00.0000000,"joshua09","@9C67U2xlZ",2,True
688,959379,2019-08-23 00:00:00.0000000,"gonzalezlydia","*A30laWm(h",2,True
689,981322,2020-06-04 00:00:00.0000000,"christopher72","T%o8Rkd851",4,True
690,566684,2016-05-26 00:00:00.0000000,"lkelley","#604qAnSdK",1,True
691,287796,2011-06-13 00:00:00.0000000,"bwilson","u(9HnooQPU",3,True
692,98138,2020-07-03 00:00:00.0000000,"karenschroeder","maxLD(u$(2",1,True
693,645730,2013-03-06 00:00:00.0000000,"jasmine13","P8)N(PVb@z",3,True
694,556949,2014-02-06 00:00:00.0000000,"ythompson","G4WFXM%o+H",2,True
695,605091,2013-02-05 00:00:00.0000000,"robert23","&pfd5OvZ6H",4,True
696,422494,2015-06-14 00:00:00.0000000,"charles59","T$08S1Pa_J",4,True
697,971670,2019-09-14 00:00:00.0000000,"rogerslindsey","%bR10LVtG5",5,True
698,828757,2016-10-18 00:00:00.0000000,"flynch","bM&&9^XaAL",2,True
699,283580,2019-02-18 00:00:00.0000000,"fsmith","!!$74HHfTx",3,True
700,209234,2016-09-25 00:00:00.0000000,"katie63","$#o9RRj%#q",5,True
701,409912,2019-05-05 00:00:00.0000000,"daniel27","N6UGrEXR!Q",2,True
702,774206,2012-12-04 00:00:00.0000000,"todd74","_0$U5v2qiC",3,True
703,972470,2018-12-31 00:00:00.0000000,"lbrandt","@(!c95RzV%",2,True
704,599475,2013-09-28 00:00:00.0000000,"rachelnelson","r)0B+yaS0R",5,True
705,785157,2010-09-16 00:00:00.0000000,"ezimmerman","^GB3q6Hv*z",2,True
706,984299,2019-10-26 00:00:00.0000000,"pamelamartinez","Wl8RBIgl$d",2,True
707,631316,2013-03-31 00:00:00.0000000,"suzanne76","#3aCWTJ8wk",3,True
708,816181,2020-07-18 00:00:00.0000000,"olsonedwin","R@8G#Yygch",3,True
709,310031,2016-08-29 00:00:00.0000000,"allensamantha","N4RLKYr*)M",1,True
710,174162,2015-07-27 00:00:00.0000000,"ohuynh","3C9T9j&I+^",2,True
711,473865,2014-08-17 00:00:00.0000000,"hughessteven","d6MJUQYj+0",2,True
712,158723,2015-05-25 00:00:00.0000000,"jennacoleman","V!0i%GfSok",3,True
713,246389,2015-06-26 00:00:00.0000000,"sandramarshall","#dB7Gd*+wo",5,True
714,154674,2016-10-02 00:00:00.0000000,"glane","9WH9Ad+2n)",3,True
715,714889,2018-03-08 00:00:00.0000000,"derekschroeder","%4LHqLKAna",4,True
716,239401,2011-10-07 00:00:00.0000000,"ysmith","RJ^C3BeJfC",3,True
717,829226,2013-03-25 00:00:00.0000000,"donnajohnston","^YoJ_l%i@0",5,True
718,59048,2011-10-29 00:00:00.0000000,"kylefloyd","01QH0&sv&b",1,True
719,326423,2016-06-27 00:00:00.0000000,"jonathandorsey","7%jMOyFq#8",2,True
720,504269,2018-03-07 00:00:00.0000000,"rgarcia","28Tts7Sm#r",3,True
721,539737,2017-12-16 00:00:00.0000000,"jodipotter","geYsyx!k@1",4,True
722,317998,2012-05-15 00:00:00.0000000,"freemanbrad","&@Ax*4$^9E",5,True
723,866395,2012-12-21 00:00:00.0000000,"ferrellelizabeth","w&0@WfJqlC",5,True
724,724194,2012-04-28 00:00:00.0000000,"pnguyen","@t5D_Vp92*",1,True
725,34052,2014-06-18 00:00:00.0000000,"danny73","1*7BlBz@Q8",4,True
726,511180,2019-01-21 00:00:00.0000000,"melissa55","^k5FAwi2)z",3,True
727,883022,2016-04-02 00:00:00.0000000,"kristinbell","T%_3n+RcyY",3,True
728,4939,2015-12-28 00:00:00.0000000,"wardlisa","%Q%n7S5rCu",3,True
729,60459,2015-04-04 00:00:00.0000000,"rebeccajohnson","^eTvS2%+j8",3,True
730,759670,2015-11-28 00:00:00.0000000,"edwardslori",")2JjZEQVim",3,True
731,334285,2017-06-08 00:00:00.0000000,"andre53","fjAo&hqH%8",3,True
732,807515,2014-02-12 00:00:00.0000000,"hopaige","zl1X&RN$^5",4,True
733,832972,2019-01-08 00:00:00.0000000,"daniel19","Np9EBGaI)M",1,True
734,981256,2013-05-03 00:00:00.0000000,"murphymiguel","*e3M1MTh0T",3,True
735,78797,2012-11-04 00:00:00.0000000,"johngomez","@O99r2BrN4",5,True
736,552541,2012-03-02 00:00:00.0000000,"ahoward","XQO9ABdd)_",2,True
737,228307,2011-10-02 00:00:00.0000000,"webbkevin","!y9oWbuwwx",2,True
738,968143,2014-06-20 00:00:00.0000000,"frenchcarrie","Dv*4Q76tVI",4,True
739,645178,2018-08-30 00:00:00.0000000,"kirkricky","y+3dE6cf%Q",2,True
740,824959,2018-05-20 00:00:00.0000000,"jaime06","lBK*8OpVJw",2,True
741,739367,2013-06-15 00:00:00.0000000,"richardzavala","pYO3_1UzSL",3,True
742,186488,2016-09-27 00:00:00.0000000,"amanda03","7mIuO9oP@W",3,True
743,849930,2019-07-06 00:00:00.0000000,"james54","%gZS1^7wi1",1,True
744,816817,2013-03-18 00:00:00.0000000,"yhouston","kdU8X&5un@",4,True
745,812503,2012-02-20 00:00:00.0000000,"nanderson","kM6zdJIZ+6",2,True
746,381177,2018-05-24 00:00:00.0000000,"masoneddie","xt4%IDAt^^",1,True
747,179815,2015-09-07 00:00:00.0000000,"rachel89","*E(C1IQta7",5,True
748,964265,2019-11-11 00:00:00.0000000,"harrismark","oE^I7IHj(#",4,True
749,812304,2018-10-03 00:00:00.0000000,"swyatt","w*6hM@ibmW",4,True
750,52845,2011-11-24 00:00:00.0000000,"robertbarton","VsbLtfy7(5",2,True
751,175463,2013-09-28 00:00:00.0000000,"joshuaweeks","1lOGDpU7&v",4,True
752,127545,2017-11-17 00:00:00.0000000,"patricklarsen","DO)2TWxsXb",1,True
753,763658,2018-11-25 00:00:00.0000000,"kdavis","%53CheiF0^",1,True
754,163598,2018-07-23 00:00:00.0000000,"zhall","U_7rLD5PFo",2,True
755,462305,2012-09-02 00:00:00.0000000,"thompsonchristian","q4mMPBCf#K",3,True
756,213169,2016-05-18 00:00:00.0000000,"grantjason","g1CbSeCe+8",2,True
757,906540,2012-12-19 00:00:00.0000000,"michellehall","(D1Mw6pkW(",4,True
758,460961,2019-03-27 00:00:00.0000000,"timrhodes","^44tI)w0NF",2,True
759,149661,2018-12-06 00:00:00.0000000,"darrell61","d6$1EqIzpv",5,True
760,53134,2011-12-05 00:00:00.0000000,"kevin83","l*I7VQhn*4",3,True
761,188650,2016-06-15 00:00:00.0000000,"blake65","129rnuPn@^",1,True
762,772236,2014-02-04 00:00:00.0000000,"annaschwartz","v10GCrrp+3",5,True
763,554348,2017-01-29 00:00:00.0000000,"heatherneal","!^G5e9Kj^)",5,True
764,501140,2011-07-06 00:00:00.0000000,"brownkaitlyn","K*N8*Ajp3e",4,True
765,248513,2013-08-03 00:00:00.0000000,"potterjenna","Ix6Nadjy^M",3,True
766,887067,2019-06-25 00:00:00.0000000,"craig75","3l5!Lr$$$R",1,True
767,323042,2016-02-20 00:00:00.0000000,"myersdouglas","oF_$7KpqnE",1,True
768,544895,2016-03-31 00:00:00.0000000,"daniel56","))H6Bw+GTl",4,True
769,997501,2012-02-18 00:00:00.0000000,"christy12","%So9Ej)fEh",2,True
770,278852,2015-11-01 00:00:00.0000000,"sjacobs","Lk7hLIj(D_",2,True
771,850692,2014-12-14 00:00:00.0000000,"melissahester","R)$8WeWEe)",2,True
772,756333,2016-03-20 00:00:00.0000000,"russellcody","K(P2Fxzfz@",3,True
773,450009,2019-06-24 00:00:00.0000000,"dcontreras",")4DVFYLkzn",1,True
774,396063,2012-09-28 00:00:00.0000000,"shawnhenderson","$8#rMed4hl",2,True
775,411470,2015-03-07 00:00:00.0000000,"douglas63","3%4XiKvpgL",1,True
776,286044,2012-05-27 00:00:00.0000000,"gmartinez","#t5@Ri7F@c",4,True
777,209991,2014-10-09 00:00:00.0000000,"timothyreese","^K3IMFid2N",5,True
778,444105,2019-11-22 00:00:00.0000000,"gscott","0hc*9Oua_Z",3,True
779,845744,2014-03-21 00:00:00.0000000,"vhouston","xm69I!ax&D",1,True
780,447458,2013-08-21 00:00:00.0000000,"ohudson","!W8NKm8r3f",3,True
781,667495,2011-03-18 00:00:00.0000000,"patricia62","!#t1UtvQiU",5,True
782,154393,2013-04-10 00:00:00.0000000,"kiara55","Oj4DYZNx(3",1,True
783,927456,2014-07-23 00:00:00.0000000,"rodriguezalicia","*zt(C80wS8",3,True
784,157323,2016-05-13 00:00:00.0000000,"mark66",")Nc8P7bJ7X",1,True
785,573354,2012-05-15 00:00:00.0000000,"clayrobert","PVh0rLro3)",3,True
786,623628,2013-05-29 00:00:00.0000000,"michelemoore",")2ftxNyFH0",2,True
787,292831,2013-02-02 00:00:00.0000000,"jlivingston","R&E6_MiYcm",5,True
788,291420,2011-02-13 00:00:00.0000000,"robert62","_8Dt6t!nDg",1,True
789,628614,2017-07-03 00:00:00.0000000,"bporter","$uhRDDq248",3,True
790,476147,2014-01-26 00:00:00.0000000,"hcarlson","f0*ZLNvr@c",2,True
791,946064,2011-06-07 00:00:00.0000000,"murphymaureen","(ZW!%l)gb9",2,True
792,506465,2013-07-19 00:00:00.0000000,"madelinemason","Z7t*1IaO(Y",4,True
793,367296,2016-10-20 00:00:00.0000000,"sherrigrant","17_q1Cy4P7",3,True
794,104992,2019-12-19 00:00:00.0000000,"longmichael","H8eSxdgZ%Z",2,True
795,189391,2010-08-25 00:00:00.0000000,"estradamichael","34@Muukb&D",5,True
796,383166,2013-04-11 00:00:00.0000000,"james79","Xh81OMGVh*",5,True
797,133507,2016-01-01 00:00:00.0000000,"salasglenda","ig#7DrQQI+",2,True
798,154817,2019-09-19 00:00:00.0000000,"ppoole","I!(SO1OcAz",5,True
799,955505,2012-12-24 00:00:00.0000000,"jennifer44","0^9DP!lv&U",2,True
800,482321,2014-12-30 00:00:00.0000000,"rebekahbullock","f6IW(+8r_9",2,True
801,104681,2013-02-05 00:00:00.0000000,"kelly66","*RG*PwkB1@",2,True
802,299083,2012-06-19 00:00:00.0000000,"kevinjones","^4JLZMuz4b",1,True
803,995203,2015-05-02 00:00:00.0000000,"antonio04","+mIpaAS92(",2,True
804,225114,2018-05-25 00:00:00.0000000,"wigginsjason","je4KIQXk&Q",2,True
805,540320,2019-09-03 00:00:00.0000000,"sandrarobinson","VihCMyeu$0",3,True
806,810292,2015-01-11 00:00:00.0000000,"james69","#rBqZZVn6h",4,True
807,389386,2016-04-04 00:00:00.0000000,"cjohnson","Gc7j1AgO^a",3,True
808,79543,2018-07-04 00:00:00.0000000,"sherylshannon","+n9eL&d^l5",1,True
809,674246,2011-02-02 00:00:00.0000000,"eharvey","YB!Yg1Et*q",4,True
810,270069,2015-10-01 00:00:00.0000000,"mark76","Qmq2WnYb5$",1,True
811,661174,2020-02-18 00:00:00.0000000,"ryanhall",")j9Ccd9MUv",1,True
812,139660,2017-10-27 00:00:00.0000000,"garciamichael","w#8uP2ysyo",3,True
813,776104,2010-10-25 00:00:00.0000000,"millssusan","k7hVjsqd^4",4,True
814,492668,2011-07-19 00:00:00.0000000,"lsampson","Yy8^H9PqSF",2,True
815,748622,2012-02-03 00:00:00.0000000,"briancooke","IJ5%+lOm$^",3,True
816,585732,2013-09-22 00:00:00.0000000,"melissaprice",")^7aDLyuQB",1,True
817,72421,2011-08-15 00:00:00.0000000,"julie45","B6_57Go6PX",5,True
818,259544,2017-03-18 00:00:00.0000000,"cglenn","A1d5S9WtC*",4,True
819,197734,2010-10-21 00:00:00.0000000,"erin34","!!0FXsf!em",3,True
820,788874,2018-04-27 00:00:00.0000000,"matthewsapril","n0sVK#yT(x",3,True
821,775826,2020-07-20 00:00:00.0000000,"james13","&^g6lZVj(f",2,True
822,374496,2018-08-14 00:00:00.0000000,"mvega","*13X@Rn5PV",1,True
823,531820,2019-06-21 00:00:00.0000000,"jamie31","_2LOpIMgtC",4,True
824,561867,2018-07-10 00:00:00.0000000,"floresandrew","r3sgYKqR_7",4,True
825,640524,2020-06-11 00:00:00.0000000,"moniquematthews","_62HDq!itu",3,True
826,901302,2013-11-27 00:00:00.0000000,"nhawkins","Pt1hx5SRE@",4,True
827,487983,2011-05-20 00:00:00.0000000,"heather89","vLJQ2urY_2",4,True
828,322537,2012-01-10 00:00:00.0000000,"cknight","+*o*0KBt&K",3,True
829,733737,2013-03-22 00:00:00.0000000,"hhill","@*8Kt2u9m&",3,True
830,799316,2013-12-19 00:00:00.0000000,"duncandean","sQlv%1ewS)",3,True
831,759416,2018-04-05 00:00:00.0000000,"udavis","Z(d63NYFvn",5,True
832,240778,2016-10-22 00:00:00.0000000,"melinda14","z*7POwxeKu",1,True
833,469877,2018-08-08 00:00:00.0000000,"zyates",")$@iNtfY7+",4,True
834,377560,2015-12-03 00:00:00.0000000,"kathleensmith","#8X++zL3G)",5,True
835,296739,2016-01-05 00:00:00.0000000,"sandersjonathan","r#m9YdReuT",2,True
836,897058,2015-02-13 00:00:00.0000000,"dale52","D5GOrvQG@O",5,True
837,841884,2014-11-24 00:00:00.0000000,"russellgarcia","f_7XDo^iyy",4,True
838,100904,2019-09-29 00:00:00.0000000,"jonesdakota","_qKPkn)zS8",1,True
839,565123,2016-05-17 00:00:00.0000000,"tiffany14","O5SUz8xM(e",3,True
840,616975,2016-07-16 00:00:00.0000000,"cody49","(B6dvDZm!w",4,True
841,444951,2015-05-11 00:00:00.0000000,"ronnie67",")**oLZFjj5",2,True
842,399206,2018-05-16 00:00:00.0000000,"scotthopkins","@MdkD6YhN+",4,True
843,951556,2016-12-26 00:00:00.0000000,"hicksteresa","2#T(1eIs^y",5,True
844,585042,2014-11-25 00:00:00.0000000,"westbernard","6L1mJoxr+J",5,True
845,100157,2017-11-17 00:00:00.0000000,"shelley02","3zQ7S6rl#6",5,True
846,860861,2014-04-29 00:00:00.0000000,"jpayne","4(0Z0h_j+#",2,True
847,643700,2019-06-20 00:00:00.0000000,"lhensley","*#q6aSrL8&",2,True
848,581507,2016-02-21 00:00:00.0000000,"donaldsalazar","$pUUJHIhN0",2,True
849,288055,2019-05-15 00:00:00.0000000,"flynnamber","x7hFfowP^$",3,True
850,540138,2019-04-30 00:00:00.0000000,"shane17","^w+B0+Se_0",1,True
851,4652,2015-09-28 00:00:00.0000000,"mmyers","mq_)xRsM!6",3,True
852,91057,2011-11-23 00:00:00.0000000,"patrickcoleman","Q)3Fq9MO&F",2,True
853,483872,2011-07-11 00:00:00.0000000,"emaldonado","L_l7HRcF%6",3,True
854,48589,2017-04-08 00:00:00.0000000,"lammichael","$989mNz)Fu",2,True
855,419087,2016-03-15 00:00:00.0000000,"apatterson","ng8&DCIHQ!",5,True
856,308394,2012-01-25 00:00:00.0000000,"tjordan","+fAlKSxl6F",1,True
857,786475,2013-04-06 00:00:00.0000000,"rhonda25",")I6Ag(GC+_",2,True
858,527008,2010-10-29 00:00:00.0000000,"wilsondevon","8uZI_z!i$7",3,True
859,194366,2013-12-06 00:00:00.0000000,"jenniferbryant","p^t94Ppb_R",2,True
860,56817,2012-05-03 00:00:00.0000000,"rita17","^cSwwYn2_5",2,True
861,494173,2020-07-23 00:00:00.0000000,"bryanmartinez","O#V7VRi@O#",1,True
862,892093,2018-12-30 00:00:00.0000000,"thomasguerrero","@3FFBg%(lf",4,True
863,462748,2016-06-03 00:00:00.0000000,"fdelgado","0h6FexOv$$",1,True
864,554432,2014-11-07 00:00:00.0000000,"anna29","n$*9Fnh+6Z",3,True
865,239756,2019-09-29 00:00:00.0000000,"ccastro","X!Y3QvrCUP",4,True
866,236873,2019-12-20 00:00:00.0000000,"jenniferjones","x8Yh9E9q#S",5,True
867,859511,2018-08-02 00:00:00.0000000,"mckinneysheri","@H8ZZjIw76",3,True
868,751318,2016-02-18 00:00:00.0000000,"fryesharon",")4R2lnoYWO",1,True
869,404647,2020-02-08 00:00:00.0000000,"monroedavid","@%2AlxPZ*9",3,True
870,500314,2011-03-03 00:00:00.0000000,"debbiehernandez","_7O1VRbkVH",5,True
871,773586,2016-07-25 00:00:00.0000000,"rodriguezangela","T64pY90o%a",2,True
872,742111,2015-01-04 00:00:00.0000000,"sheilayoung","k)a86MRiBS",4,True
873,754225,2016-01-09 00:00:00.0000000,"susanlane","$5Tp&lPvgt",1,True
874,39096,2013-02-23 00:00:00.0000000,"fsullivan","(bK8Gwdm@D",5,True
875,929467,2018-11-20 00:00:00.0000000,"daniel70","@T(S&tdl90",2,True
876,593233,2017-02-14 00:00:00.0000000,"joshualucas","M1CS2wrw)D",3,True
877,182392,2016-01-01 00:00:00.0000000,"areyes","%50oMFxt%l",1,True
878,804953,2013-05-12 00:00:00.0000000,"chughes","(%BPbY7c5l",3,True
879,410521,2017-06-08 00:00:00.0000000,"sydneymurphy","Zz1iT5rr*n",5,True
880,410394,2017-11-19 00:00:00.0000000,"haroldgomez","W81ZVv$u@f",2,True
881,498658,2016-02-02 00:00:00.0000000,"megan97","+aEvj3*a5Q",2,True
882,566339,2014-09-21 00:00:00.0000000,"jenny93","pZ6Nk)iw#@",1,True
883,294968,2020-04-04 00:00:00.0000000,"michelleevans","zD2w^+Ec_t",5,True
884,227862,2013-09-22 00:00:00.0000000,"hendersonchris","Hd6$nLzW%E",5,True
885,190491,2011-11-09 00:00:00.0000000,"anthony78","E9^r4AfKGO",1,True
886,872946,2012-11-28 00:00:00.0000000,"joneslinda","%p85CuzSYN",1,True
887,784875,2016-10-04 00:00:00.0000000,"kwoods","(bPN7*w%I6",1,True
888,233915,2016-04-24 00:00:00.0000000,"jennifer07","Gs0$Poxd*I",2,True
889,988140,2017-10-08 00:00:00.0000000,"sarah85","Hx6AAEg5b^",4,True
890,632489,2012-03-11 00:00:00.0000000,"karenchristensen","eWz4THPfd$",5,True
891,43247,2011-05-27 00:00:00.0000000,"theresa65","#P2O*l0oon",1,True
892,840596,2013-02-27 00:00:00.0000000,"traceyvaughn","7m5v9Yg_$y",1,True
893,277033,2014-03-26 00:00:00.0000000,"staffordcameron","+hK87GqofO",4,True
894,227828,2016-06-27 00:00:00.0000000,"richardadam","(#lI@t00T8",1,True
895,905178,2011-12-19 00:00:00.0000000,"collierchristopher","xuIK_BtA&4",5,True
896,844551,2014-04-08 00:00:00.0000000,"gallagherjason","o*p9#SHvJA",1,True
897,732911,2016-05-14 00:00:00.0000000,"jensenpreston","lr1hD6%7U^",2,True
898,554159,2011-12-19 00:00:00.0000000,"srose","*5RtpRAwsX",3,True
899,676572,2013-01-30 00:00:00.0000000,"anthony23","e$98UQi9T+",3,True
900,18183,2014-09-29 00:00:00.0000000,"johntrujillo","*dPb_K07G4",4,True
901,113138,2016-10-13 00:00:00.0000000,"blopez","xt5gIQAMk(",4,True
902,232042,2012-01-19 00:00:00.0000000,"kevin54","PN6G&xUuZ&",2,True
903,220395,2020-07-10 00:00:00.0000000,"casey39","a5Zkft04@T",3,True
904,772667,2016-04-07 00:00:00.0000000,"scott85","*0mHb4da$k",2,True
905,326750,2018-08-23 00:00:00.0000000,"owood","L@J6g*Fm+J",1,True
906,900057,2013-02-11 00:00:00.0000000,"johnmorrow","U#KBVv2nXA",4,True
907,435008,2011-05-16 00:00:00.0000000,"dawnvasquez","%92H_mZIj@",2,True
908,277976,2013-05-03 00:00:00.0000000,"chungkaren","3B9RZ@cwq!",2,True
909,656755,2011-12-21 00:00:00.0000000,"danaallen","&@0PoRj&yV",3,True
910,908078,2014-07-28 00:00:00.0000000,"william27","@$hGvlhRj6",2,True
911,411837,2015-08-18 00:00:00.0000000,"donaldduncan","S*2Q6#$a5(",3,True
912,433827,2013-12-15 00:00:00.0000000,"annette16","0q)7ZeLb!X",2,True
913,761527,2014-12-26 00:00:00.0000000,"elizabeth05","$3OxaZry_d",4,True
914,740854,2010-09-26 00:00:00.0000000,"marywalker","w7mqGtO3&m",2,True
915,986928,2018-04-08 00:00:00.0000000,"jeremy41","!d3XWa6L%7",4,True
916,698711,2012-11-10 00:00:00.0000000,"lmoreno","b7hpR_mb$z",5,True
917,903731,2019-04-27 00:00:00.0000000,"qrichardson","9YO79P+))h",3,True
918,282144,2015-06-28 00:00:00.0000000,"cwolf","%^i1dPh)DP",4,True
919,46228,2012-03-24 00:00:00.0000000,"aaronterrell","(4AqM$fw19",1,True
920,810027,2017-09-19 00:00:00.0000000,"nvega","Wul@EqBO%6",4,True
921,931062,2010-11-04 00:00:00.0000000,"bcollins","*QUxtBgL9L",4,True
922,282377,2013-11-01 00:00:00.0000000,"katherinelyons","Q+G2%Wn4dj",1,True
923,44199,2016-04-11 00:00:00.0000000,"arnoldgary","764Ry5k%#x",4,True
924,691391,2013-12-24 00:00:00.0000000,"christopher83","6&r5Fr$*@2",4,True
925,337670,2019-04-26 00:00:00.0000000,"bsnow","zD_5Njx&cD",1,True
926,94568,2012-04-13 00:00:00.0000000,"nicholasblair","!1OS6#Woru",4,True
927,89924,2013-07-14 00:00:00.0000000,"cory50","@6(TkWUxH_",3,True
928,781261,2012-05-10 00:00:00.0000000,"veronicathompson","xb03+HL1h*",3,True
929,16589,2020-01-10 00:00:00.0000000,"rreese","r3Z+wMA7$g",2,True
930,347903,2016-12-28 00:00:00.0000000,"ellisdavid","^%LyifpC7&",3,True
931,85458,2012-12-15 00:00:00.0000000,"wmerritt","MOmi5Lzy$*",4,True
932,817891,2015-05-05 00:00:00.0000000,"reevesadam","B3TWrly7*U",3,True
933,547274,2014-10-24 00:00:00.0000000,"njones","o+OW1@fv*2",1,True
934,13282,2018-11-12 00:00:00.0000000,"rgregory","%4aK0SHnH8",5,True
935,438042,2015-11-12 00:00:00.0000000,"omcdaniel","E!9Gfpf^2l",3,True
936,413539,2012-05-29 00:00:00.0000000,"clarknicholas","!!Acn7dSMG",3,True
937,841156,2016-10-24 00:00:00.0000000,"brownsteven","cz0ZQaxw&x",2,True
938,450623,2013-08-11 00:00:00.0000000,"ojohnson","QoO0zusZ&3",3,True
939,542484,2011-08-10 00:00:00.0000000,"stephen03","W(H3RejviD",5,True
940,23231,2014-04-27 00:00:00.0000000,"kingcharles","K*6kJ%ngGi",1,True
941,485696,2017-11-10 00:00:00.0000000,"michellebennett","_^(74LHq8I",4,True
942,469349,2019-09-06 00:00:00.0000000,"kathy40","5_W!Ibyx!$",1,True
943,229344,2014-01-13 00:00:00.0000000,"elizabethmartin","%@PP6anO1Q",2,True
944,832302,2017-11-13 00:00:00.0000000,"leahhunt","0(%1fBm)!z",5,True
945,981227,2011-06-29 00:00:00.0000000,"tmolina","*NdKWkjeH9",1,True
946,718905,2011-03-13 00:00:00.0000000,"trevor34","e4HOpK+k$c",4,True
947,557221,2018-03-29 00:00:00.0000000,"walshbrian","_79VacYkGu",3,True
948,156313,2018-04-06 00:00:00.0000000,"gmercado","&4vAnzxn+O",3,True
949,327932,2011-06-01 00:00:00.0000000,"renee82","Zk$7BSFzEA",5,True
950,781726,2016-09-25 00:00:00.0000000,"jasonwest","frmLMXsH)4",4,True
951,188777,2016-01-29 00:00:00.0000000,"ekaiser","L1VX&w7p#b",5,True
952,846451,2011-05-08 00:00:00.0000000,"david63","$&toz8mdtC",3,True
953,217252,2016-11-29 00:00:00.0000000,"laura43","5(4A%cxn!y",2,True
954,896261,2019-01-18 00:00:00.0000000,"juanpalmer","L8nOtg%z+_",3,True
955,412020,2013-09-06 00:00:00.0000000,"campbellana","M^4WJi#lWb",5,True
956,988560,2011-11-24 00:00:00.0000000,"ipotts","2^3CBgk54n",5,True
957,918931,2014-07-19 00:00:00.0000000,"pattycurry","s_T8^7Jb(J",4,True
958,22398,2019-03-28 00:00:00.0000000,"lopezjose","uePw^TDX#0",3,True
959,885425,2016-04-25 00:00:00.0000000,"dylan79","qrN_8)Pkgc",5,True
960,865688,2019-10-16 00:00:00.0000000,"xwatkins","R8IGd(Lu*t",1,True
961,20245,2011-01-19 00:00:00.0000000,"gfox","Hho5d1CiU!",2,True
962,319950,2020-02-14 00:00:00.0000000,"rthomas","K)1izNtxQG",3,True
963,779208,2016-10-29 00:00:00.0000000,"michellegross","&kTnbO_t7P",4,True
964,226425,2012-03-15 00:00:00.0000000,"uorozco","^@z3UIfk42",1,True
965,7650,2016-05-24 00:00:00.0000000,"michael58","8I8p5sVx%d",2,True
966,328648,2019-04-15 00:00:00.0000000,"hurleyteresa","fi$7c8Lk^A",2,True
967,406333,2010-10-03 00:00:00.0000000,"bgilbert","B_&2CupIUL",5,True
968,261788,2014-06-10 00:00:00.0000000,"gparker","#2%nbY%zG^",4,True
969,933872,2017-03-01 00:00:00.0000000,"catherine37","1Yyf1SJX@z",5,True
970,144087,2014-02-17 00:00:00.0000000,"suzanneburns","2&3*iTwWYv",4,True
971,281170,2014-08-09 00:00:00.0000000,"todd32","d_WF@h0g$7",4,True
972,643950,2012-05-30 00:00:00.0000000,"diana48","@2VlD7VeYU",1,True
973,60125,2013-09-23 00:00:00.0000000,"cynthia96","b%@0Icyf3G",5,True
974,729606,2014-03-26 00:00:00.0000000,"bergjohn","rp6kPkQR*&",5,True
975,537375,2019-02-08 00:00:00.0000000,"whill","$35B^eQs(q",2,True
976,960605,2014-01-08 00:00:00.0000000,"nicholascowan","M%#7Hfm6!q",1,True
977,84247,2015-07-22 00:00:00.0000000,"bailey75","I*!R44ZvKX",2,True
978,648642,2012-01-08 00:00:00.0000000,"rebeccamarshall","0&Ez7tJrRr",5,True
979,819957,2012-03-19 00:00:00.0000000,"alexanderfitzgerald","Jm3BF2uy#4",2,True
980,65247,2015-05-31 00:00:00.0000000,"asnyder","*tLdEpyZ89",2,True
981,354132,2012-12-17 00:00:00.0000000,"lmartinez","8tmFUG!d#4",3,True
982,771832,2018-12-06 00:00:00.0000000,"alexanderjohn","!xbp3VXi@0",3,True
983,602247,2017-05-16 00:00:00.0000000,"sosachristian","_Ad9I)Ohm^",3,True
984,33552,2011-01-09 00:00:00.0000000,"rcontreras","#riRZ1SbH$",2,True
985,953025,2018-07-20 00:00:00.0000000,"elizabethanderson","@IXPqWGov1",4,True
986,491040,2018-07-09 00:00:00.0000000,"hernandezryan","@4#oUPGclP",5,True
987,510818,2014-06-14 00:00:00.0000000,"aaron17","(2D(fwhnke",1,True
988,907896,2016-10-04 00:00:00.0000000,"michellewebb","+a1KsjqZ_0",2,True
989,64866,2019-07-10 00:00:00.0000000,"rebeccarussell","&&6H$ZiFJL",2,True
990,478659,2010-11-01 00:00:00.0000000,"lisa13","j_D^3AlIp1",3,True
991,353194,2015-12-09 00:00:00.0000000,"grahammichelle","tW#2vm8lj_",5,True
992,611874,2018-05-16 00:00:00.0000000,"donnamarsh","9N4LLgYf3!",4,True
993,563037,2019-10-12 00:00:00.0000000,"ajohnson","JrNWJAnr*5",2,True
994,588397,2017-02-01 00:00:00.0000000,"ygoodwin","03&+!Wh+%A",3,True
995,88858,2015-06-13 00:00:00.0000000,"archermegan","h1DwdfHx_i",1,True
996,135754,2015-09-23 00:00:00.0000000,"rayherrera","EWa!1ZLqJ+",4,True
997,854697,2013-07-11 00:00:00.0000000,"michelecampos","#TXScV@As1",3,True
998,560445,2012-12-09 00:00:00.0000000,"lori57","P8IMa#Zk)a",1,True
999,261904,2018-12-13 00:00:00.0000000,"brianhudson",")9Duzy4GkA",1,True
1000,4912,2011-08-21 00:00:00.0000000,"alexis24","^#2PuOx#3#",5,True
